market,country,region,market_class,T,rw_pct,mr_pct,exp_pct,c1,c2,beta_mr,se_mr,sig_mr,beta_ex,se_ex,sig_ex,dc_exp,gfc_mr,covid_mr,current_cci,current_regime,verdict
bist100,Turkey,Middle East,EM,346,94.21965317919076,3.4682080924855487,2.312138728323699,97.33,102.16,0.0589447380146672,0.0224944169652986,***,-0.9035472083199312,0.1605227179698306,***,20.5,57.1,0.0,97.552,RW,BOTH TAILS
klci,Malaysia,SE Asia,EM,389,90.23136246786633,1.5424164524421593,8.226221079691516,97.05636363636364,101.49878787878788,-1.2546981807631492,0.3333709932312967,***,-0.2736107861668876,0.0946693417584249,***,74.4,0.0,0.0,97.552,RW,EUPHORIA GAUGE
sti,Singapore,Asia Pacific,DM,436,89.22018348623854,5.73394495412844,5.045871559633028,97.88111111111112,101.7211111111111,-0.0042376632127662,0.0503656027135983,,-0.312831036992235,0.1160507132319068,***,56.4,100.0,0.0,97.552,MR,BOTH TAILS
athex,Greece,W. Europe,DM,345,88.40579710144928,4.057971014492753,7.536231884057972,97.55181818181818,101.54373737373736,-0.1582593522574576,0.0559862175551197,***,-0.270240211178605,0.0559604629907815,***,66.7,85.7,0.0,97.552,RW,BOTH TAILS
ta125,Israel,Middle East,DM,403,87.59305210918114,6.9478908188585615,5.459057071960298,98.0920202020202,101.67545454545456,0.0132180945731805,0.0248746726107566,,-0.1923421822219573,0.0793025935273731,**,56.4,100.0,0.0,97.552,MR,BOTH TAILS
ta35,Israel (TA-35),Middle East,DM,403,87.59305210918114,6.9478908188585615,5.459057071960298,98.0920202020202,101.67545454545456,0.0163126812631371,0.025567175149123,,-0.1856664273051399,0.0790536470357019,**,56.4,100.0,0.0,97.552,MR,BOTH TAILS
hangseng,Hong Kong,Asia Pacific,DM,436,87.38532110091744,10.091743119266056,2.522935779816514,98.45,102.00555555555556,-0.1363892801565569,0.0685305415602783,**,-0.8645923851775706,0.2231497782369208,***,28.2,100.0,33.3,97.552,MR,BOTH TAILS
twse,Taiwan,Asia Pacific,EM,346,86.70520231213872,1.7341040462427744,11.560693641618498,97.02333333333334,101.31666666666666,-0.7991480631090453,0.3409230190366454,**,-0.1515212762525597,0.0868621302626138,*,89.7,0.0,0.0,97.552,RW,EUPHORIA GAUGE
smi,Switzerland,W. Europe,DM,426,86.3849765258216,2.8169014084507045,10.7981220657277,97.28444444444445,101.20666666666666,0.0701475056642623,0.0418460148025845,*,-0.1787438786363354,0.0655279976618652,***,97.4,57.1,0.0,97.552,RW,BOTH TAILS
ibex35,Spain,W. Europe,DM,394,86.04060913705584,2.030456852791878,11.928934010152284,97.12838383838384,101.18949494949496,-0.7603178254621563,0.2517728327403444,***,-0.1496425748238491,0.0577846158565219,***,97.4,28.6,0.0,97.552,RW,BOTH TAILS
jkse,Indonesia,SE Asia,EM,433,84.98845265588915,5.080831408775981,9.930715935334874,97.8,101.28444444444445,-0.0043438613857462,0.0314843895927838,,-0.2593522774104508,0.0850614165198507,***,92.3,100.0,0.0,97.552,MR,BOTH TAILS
aex,Netherlands,W. Europe,DM,403,84.61538461538461,5.459057071960298,9.925558312655088,97.79949494949494,101.38292929292928,0.0313528855532984,0.0405326450566668,,-0.1110957954186768,0.0456156372341158,**,87.2,100.0,0.0,97.552,MR,BOTH TAILS
merval,Argentina,Latin America,Frontier,355,82.53521126760563,5.070422535211268,12.394366197183098,97.74525252525252,101.25333333333332,0.0303231365381514,0.0138587199397806,**,-0.1801484033345829,0.0800923002183836,**,94.9,85.7,0.0,97.552,MR,BOTH TAILS
set,Thailand,SE Asia,EM,353,82.43626062322946,5.099150141643059,12.464589235127479,97.73929292929292,101.25666666666666,0.0300927825991407,0.0384677781226528,,-0.1855636009334934,0.0825115628206551,**,94.9,85.7,0.0,97.552,MR,BOTH TAILS
hscei,Hong Kong (H-shr),Asia Pacific,EM,394,82.23350253807106,6.598984771573605,11.16751269035533,98.01444444444444,101.26333333333334,-0.246830341021331,0.0962663120431107,**,-0.1333005591710699,0.0659393483066864,**,94.9,100.0,0.0,97.552,MR,BOTH TAILS
lq45,Indonesia (LQ45),SE Asia,EM,351,80.91168091168092,7.122507122507122,11.965811965811966,97.88444444444444,101.329898989899,-0.0098154711688769,0.0418471996737339,,-0.3412159207520224,0.1049426282716141,***,89.7,100.0,0.0,97.552,MR,BOTH TAILS
ipc,Mexico,Latin America,EM,414,70.28985507246377,27.053140096618357,2.657004830917874,99.26666666666668,102.0111111111111,-0.0202512885389594,0.0073699196967423,***,-0.8274089043415885,0.2481512413354985,***,28.2,100.0,66.7,97.552,MR,BOTH TAILS
kospi,South Korea,Asia Pacific,EM,353,69.12181303116147,18.413597733711047,12.464589235127479,98.73333333333332,101.25666666666666,0.0584492755496231,0.0292189344571165,**,-0.0890223853782475,0.061943471626161,,94.9,100.0,33.3,97.552,MR,BOTH TAILS
szse,China (SZSE),China,EM,345,57.391304347826086,37.391304347826086,5.217391304347826,99.46666666666668,101.76666666666668,-0.0981492387605134,0.0382809490318784,**,-0.4739857590144913,0.1803741415537307,***,46.2,100.0,66.7,97.552,MR,BOTH TAILS
psei,Philippines,SE Asia,EM,436,53.899082568807344,44.95412844036697,1.146788990825688,100.15666666666668,102.21888888888888,-0.0198347787444133,0.0075721001708889,***,-0.3253905865307238,0.2889392908782797,,12.8,100.0,66.7,97.552,MR,BOTH TAILS
shanghai,China (SSE),China,EM,346,52.02312138728323,46.82080924855491,1.1560693641618496,100.16666666666669,102.23666666666666,-0.0626399838119351,0.0213050447066692,***,-0.3605448530204857,0.094852971784811,***,10.3,100.0,66.7,97.552,MR,BOTH TAILS
bovespa,Brazil,Latin America,EM,397,50.377833753148614,49.622166246851386,0.0,100.44444444444446,102.429898989899,-0.0506131524358544,0.0036710597395668,***,0.0,,,0.0,100.0,100.0,97.552,MR,FEAR GAUGE
nikkei225,Japan,Japan,DM,436,33.715596330275226,5.73394495412844,60.550458715596335,97.88111111111112,99.87222222222222,0.0489131470322287,0.0289145321162566,*,-0.0350646605512207,0.0120111004322066,***,100.0,100.0,0.0,97.552,MR,BOTH TAILS
