market,country,T,c1,c2,beta_mr,beta_ex,n_mr,n_rw,n_ex,verdict,firing_rate_pct,screen_F,screen_p,screen_gate
sp500,USA,436,-1.3046979865771813,0.4226174496644297,-0.15670508786312354,0.0022469106067632767,11,157,268,BOTH TAILS,61.5,3.8427,0.0044,FAIL
nasdaq,USA (NASDAQ),436,-1.3046979865771813,0.2724161073825506,-0.22985085874216912,0.0010322751577106863,11,105,320,BOTH TAILS,73.4,2.407,0.0489,FAIL
djia,USA (DJIA),412,-0.2648993288590602,-0.13838926174496624,-0.09793187527495872,-0.0015765163544269173,32,8,372,BOTH TAILS,90.3,3.2846,0.0115,FAIL
rut,USA (Small-Cap),436,-1.53,0.2724161073825506,-0.2825647175158423,-0.0007157837777968565,9,107,320,BOTH TAILS,73.4,3.449,0.0087,FAIL
rui,USA (Large-Cap),401,-1.296308724832215,0.42879194630872486,-0.1606544947368709,0.0027343282715312214,11,142,248,BOTH TAILS,61.8,4.3659,0.0018,FAIL
sp400,USA (Mid-Cap),436,-1.53,0.2724161073825506,-0.30573800407008417,-0.000553430159911542,9,107,320,BOTH TAILS,73.4,3.7952,0.0048,FAIL
wilshire5000,USA (Total Mkt),436,-1.3046979865771813,0.4226174496644297,-0.1664824131122818,0.001880474551235658,11,157,268,BOTH TAILS,61.5,3.8906,0.0041,FAIL
tsx,Canada,436,-1.53,0.44765100671140967,-0.27739344410087813,0.0023818131086738364,9,172,255,BOTH TAILS,58.5,6.0148,0.0001,FAIL
ipc,Mexico,414,-0.13577181208053712,0.21657718120805347,-0.04050320979916386,-0.004351652075831319,42,42,330,BOTH TAILS,79.7,3.0015,0.0184,FAIL
bovespa,Brazil,397,-0.4114093959731542,0.5753691275167789,-0.23093547359899133,-0.05214166727904995,25,243,129,BOTH TAILS,32.5,1.6683,0.1566,PASS
ipsa,Chile,209,-0.8983892617449665,0.6867114093959734,-0.25404437297001703,-0.04034120467288565,19,152,38,FEAR GAUGE,18.2,0.7916,0.5319,PASS
merval,Argentina,355,-0.40328859060402666,-0.2474496644295301,-0.11380105795024476,0.006369593038496392,25,8,322,BOTH TAILS,90.7,1.0414,0.3858,PASS
eurostoxx50,Eurozone,230,-1.9375838926174498,0.05167785234899336,-0.3781808955809145,-0.01749013973620223,8,31,191,FEAR GAUGE,83.0,1.4729,0.2114,PASS
ftse100,UK,436,-1.53,0.47268456375838963,-0.29433162856088096,-0.004506622955018455,9,184,243,BOTH TAILS,55.7,2.4675,0.0443,FAIL
ftmc,UK (Mid-Cap),436,-1.53,0.22234899328859092,-0.3131140636795891,-0.003241420314603797,9,91,336,BOTH TAILS,77.1,3.052,0.0169,FAIL
dax,Germany,436,-1.3046979865771813,0.4226174496644297,-0.20050305906117236,-0.00047486509411908285,11,157,268,BOTH TAILS,61.5,2.7592,0.0275,FAIL
mdax,Germany (MDAX),363,-1.62,0.487785234899329,-0.3179045735699838,-0.006733855849322879,9,176,178,BOTH TAILS,49.0,4.2912,0.0021,FAIL
cac40,France,434,-1.3040939597315435,0.4278523489932886,-0.16113917381928766,-0.0034351247118928996,11,156,267,BOTH TAILS,61.5,1.9524,0.1009,PASS
ibex35,Spain,394,0.41355704697986573,0.995503355704698,-0.027500270655110154,-0.2791338189430392,143,246,5,FEAR GAUGE,1.3,1.142,0.3363,PASS
smi,Switzerland,426,0.4378523489932886,0.9900671140939599,-0.022338063693793923,0.20263321387009797,166,247,13,FEAR GAUGE,3.1,2.8591,0.0233,FAIL
aex,Netherlands,403,-1.54,0.6865771812080537,-0.21776568571029464,-0.021082852202169385,9,325,69,BOTH TAILS,17.1,2.4503,0.0457,FAIL
ftsemib,Italy,341,-1.69,0.42006711409396,-0.3700983828428962,-0.010416001833327177,8,139,194,BOTH TAILS,56.9,1.0081,0.4033,PASS
iseq,Ireland,346,-0.38744966442953,0.4763087248322151,-0.07010422235281463,-0.01041723503975022,26,153,167,BOTH TAILS,48.3,0.7664,0.5477,PASS
athex,Greece,345,-1.3126174496644294,0.4718120805369128,-0.1650834770168887,-0.003417051043884399,11,162,172,BOTH TAILS,49.9,0.9675,0.4254,PASS
bel20,Belgium,421,-1.309731543624161,0.44261744966442973,-0.12945844419935612,0.0016040328731999835,11,152,258,BOTH TAILS,61.3,1.6891,0.1516,PASS
atx,Austria,402,-1.55,0.42879194630872486,-0.25567818209211823,0.0015351361327773639,9,144,249,BOTH TAILS,61.9,5.1883,0.0004,FAIL
psi20,Portugal,157,0.04335570469798658,0.8606040268456375,-0.18840029631701397,3.824686452992292,4,150,3,WEAK,1.9,0.1009,0.982,PASS
omxstockholm,Sweden,210,0.04798657718120802,0.4365771812080539,-0.10334778784154071,0.00800065784338235,22,69,119,FEAR GAUGE,56.7,3.5527,0.008,FAIL
omxhelsinki,Finland,158,0.04335570469798658,0.4395973154362416,-0.4072096109603869,-0.009855815294072227,4,51,103,WEAK,65.2,0.1247,0.9734,PASS
oseax,Norway,158,0.04335570469798658,0.7367785234899329,-0.18432381387191746,-0.15368375492385927,4,136,18,WEAK,11.4,1.3833,0.2426,PASS
bux,Hungary,290,-1.86,0.2408053691275167,-0.4009039016313047,-0.004122363179118128,8,71,211,BOTH TAILS,72.8,3.7483,0.0055,FAIL
ta125,Israel,403,-1.54,0.45885906040268454,-0.34262448474096785,0.004247125075116332,9,159,235,BOTH TAILS,58.3,2.0203,0.0909,PASS
ta35,Israel (TA-35),403,-1.54,0.45885906040268454,-0.3540604903229007,0.0034769077962710656,9,159,235,BOTH TAILS,58.3,2.2576,0.0624,PASS
bist100,Turkey,346,-1.67,0.2145637583892619,-0.39849992978889076,-0.008013812696214356,9,75,262,BOTH TAILS,75.7,1.481,0.2076,PASS
nikkei225,Japan,436,-1.53,0.22234899328859092,-0.3538054011508902,-0.004067630308365715,9,91,336,BOTH TAILS,77.1,3.3674,0.0099,FAIL
topix,Japan (TOPIX),220,0.4343624161073829,0.8024161073825504,-0.1305470691918955,-0.659125939064644,99,112,9,FEAR GAUGE,4.1,0.8853,0.4736,PASS
shanghai,China (SSE),346,-0.8585906040268455,-0.7015436241610737,-0.15885026944356934,-0.00983712311199653,20,2,324,BOTH TAILS,93.6,0.6297,0.6416,PASS
szse,China (SZSE),345,-0.8665100671140938,-0.6828187919463086,-0.14744361083952381,-0.006690605962109295,20,2,323,BOTH TAILS,93.6,0.431,0.7862,PASS
hangseng,Hong Kong,436,-1.53,1.0734899328859064,-0.3100498386222201,0.9633222329136849,9,422,5,FEAR GAUGE,1.1,1.8157,0.1248,PASS
hscei,Hong Kong (H-shr),394,-1.56,0.9195973154362416,-0.4506761825932651,-0.5126115063760612,9,379,6,FEAR GAUGE,1.5,1.164,0.3263,PASS
kospi,South Korea,353,0.06422818791946328,0.4278523489932886,-0.06397311143581362,0.01812228490889047,62,87,204,BOTH TAILS,57.8,0.333,0.8557,PASS
kosdaq,South Korea (KQ),307,0.0628187919463088,0.19939597315436264,-0.15630449229632942,-0.031179856348289025,42,15,250,BOTH TAILS,81.4,0.7673,0.5472,PASS
nifty50,India,224,-0.41288590604026876,-0.16590604026845668,-0.18870043744569787,-0.0022439779412644226,23,5,196,FEAR GAUGE,87.5,0.6931,0.5975,PASS
kse100,Pakistan,290,-0.41214765100671147,0.6382550335570472,-0.12684314274870054,-0.021628103434916408,25,210,55,FEAR GAUGE,19.0,0.3452,0.8473,PASS
sti,Singapore,436,0.14724832214765127,0.572818791946309,-0.08997709671740163,-0.026713785832277015,84,199,153,BOTH TAILS,35.1,1.2553,0.287,PASS
twse,Taiwan,346,-0.12570469798657702,0.05751677852349002,-0.09618149788367122,0.00845307239492585,42,19,285,BOTH TAILS,82.4,1.274,0.2799,PASS
jkse,Indonesia,433,-1.53,0.6788590604026845,-0.3489157761726771,-0.011170421817336622,9,342,82,BOTH TAILS,18.9,2.9764,0.0192,FAIL
lq45,Indonesia (LQ45),351,-1.66,0.4492617449664429,-0.34652150494719197,-0.015023814234726336,9,153,189,BOTH TAILS,53.8,2.6643,0.0325,FAIL
klci,Malaysia,389,0.055033557046979986,0.5849664429530201,-0.11171443159318396,-0.03212224778115948,61,216,112,BOTH TAILS,28.8,0.3548,0.8407,PASS
set,Thailand,353,-1.65,0.6096644295302016,-0.2756682338910203,-0.0457021130035345,9,275,69,BOTH TAILS,19.5,0.2882,0.8856,PASS
psei,Philippines,436,0.04711409395973165,1.0734899328859064,-0.046542363778865115,0.6844049412630995,69,362,5,FEAR GAUGE,1.1,0.649,0.6279,PASS
asx200,Australia,402,0.04825503355704708,1.0122818791946309,-0.07742541748075664,0.12474047301453997,61,329,12,FEAR GAUGE,3.0,1.9486,0.1017,PASS
aord,Australia (All),436,-1.53,0.9983892617449668,-0.24330170208600438,0.15566648547461498,9,414,13,FEAR GAUGE,3.0,2.1272,0.0766,PASS
nzx50,New Zealand,280,-0.4071812080536912,0.27577181208053725,-0.10091541932976192,-0.007023851301971119,25,44,211,FEAR GAUGE,75.4,1.6749,0.1561,PASS
