date,price
2013-03-05,525.1099853515625
2013-03-06,523.22998046875
2013-03-07,521.760009765625
2013-03-08,525.0999755859375
2013-03-11,525.6500244140625
2013-03-12,527.4199829101562
2013-03-13,524.3800048828125
2013-03-14,527.8699951171875
2013-03-15,526.3900146484375
2013-03-18,524.6199951171875
2013-03-19,523.260009765625
2013-03-20,522.0900268554688
2013-03-21,520.8400268554688
2013-03-22,521.8499755859375
2013-03-25,518.6199951171875
2013-03-26,519.5700073242188
2013-03-27,518.7000122070312
2013-04-02,521.6799926757812
2013-04-03,522.9500122070312
2013-04-04,517.3400268554688
2013-04-05,509.17999267578125
2013-04-08,512.5900268554688
2013-04-09,513.7899780273438
2013-04-10,518.3599853515625
2013-04-11,518.4199829101562
2013-04-12,514.719970703125
2013-04-15,507.55999755859375
2013-04-16,507.1700134277344
2013-04-17,501.32000732421875
2013-04-18,504.4599914550781
2013-04-19,510.1300048828125
2013-04-22,509.2200012207031
2013-04-23,515.2000122070312
2013-04-24,518.22998046875
2013-04-25,523.8699951171875
2013-04-26,524.5
2013-04-29,521.510009765625
2013-04-30,524.8099975585938
2013-05-02,519.47998046875
2013-05-03,527.3499755859375
2013-05-06,528.3400268554688
2013-05-07,528.6099853515625
2013-05-08,531.0399780273438
2013-05-10,530.989990234375
2013-05-13,532.6699829101562
2013-05-14,532.02001953125
2013-05-15,530.8800048828125
2013-05-16,531.1699829101562
2013-05-21,536.2000122070312
2013-05-22,537.3099975585938
2013-05-23,529.5999755859375
2013-05-24,531.510009765625
2013-05-27,535.3900146484375
2013-05-28,539.8400268554688
2013-05-29,535.4299926757812
2013-05-30,535.9099731445312
2013-05-31,536.260009765625
2013-06-03,532.7000122070312
2013-06-04,531.0700073242188
2013-06-05,527.6199951171875
2013-06-06,524.1799926757812
2013-06-07,524.72998046875
2013-06-10,522.6400146484375
2013-06-11,513.8499755859375
2013-06-12,517.9299926757812
2013-06-13,516.280029296875
2013-06-14,517.3599853515625
2013-06-17,521.6900024414062
2013-06-18,524.4500122070312
2013-06-19,520.0399780273438
2013-06-20,514.239990234375
2013-06-21,514.260009765625
2013-06-24,500.8399963378906
2013-06-25,509.05999755859375
2013-06-26,513.1699829101562
2013-06-27,514.0599975585938
2013-06-28,512.7100219726562
2013-07-01,517.9099731445312
2013-07-02,520.5599975585938
2013-07-03,514.4099731445312
2013-07-04,521.77001953125
2013-07-05,522.1500244140625
2013-07-08,526.030029296875
2013-07-09,526.22998046875
2013-07-10,529.6300048828125
2013-07-11,537.8900146484375
2013-07-12,535.8800048828125
2013-07-15,538.5800170898438
2013-07-16,537.9400024414062
2013-07-17,540.2000122070312
2013-07-18,537.3699951171875
2013-07-19,541.0800170898438
2013-07-22,541.52001953125
2013-07-23,542.760009765625
2013-07-24,543.1199951171875
2013-07-25,540.280029296875
2013-07-26,537.9299926757812
2013-07-29,537.780029296875
2013-07-30,536.6300048828125
2013-07-31,538.760009765625
2013-08-01,540.9099731445312
2013-08-02,540.7899780273438
2013-08-05,540.5399780273438
2013-08-06,537.4299926757812
2013-08-07,538.280029296875
2013-08-08,542.8499755859375
2013-08-09,544.2000122070312
2013-08-12,543.9600219726562
2013-08-13,543.6799926757812
2013-08-14,546.9199829101562
2013-08-15,543.3900146484375
2013-08-16,545.0700073242188
2013-08-19,547.22998046875
2013-08-20,541.9299926757812
2013-08-21,541.02001953125
2013-08-22,544.72998046875
2013-08-23,544.6799926757812
2013-08-26,544.3499755859375
2013-08-27,541.47998046875
2013-08-28,547.25
2013-08-29,547.6099853515625
2013-08-30,542.3599853515625
2013-09-02,548.3499755859375
2013-09-03,549.02001953125
2013-09-04,549.1799926757812
2013-09-05,549.5599975585938
2013-09-06,549.739990234375
2013-09-09,550.010009765625
2013-09-10,550.8300170898438
2013-09-11,554.5999755859375
2013-09-12,552.989990234375
2013-09-13,553.75
2013-09-16,553.5999755859375
2013-09-17,552.7999877929688
2013-09-18,553.1599731445312
2013-09-19,557.9500122070312
2013-09-20,559.3599853515625
2013-09-23,557.4400024414062
2013-09-24,558.530029296875
2013-09-25,559.8499755859375
2013-09-26,559.8099975585938
2013-09-27,558.280029296875
2013-09-30,551.8599853515625
2013-10-01,552.5
2013-10-02,553.7100219726562
2013-10-03,557.2899780273438
2013-10-04,556.4099731445312
2013-10-07,553.0
2013-10-08,547.8699951171875
2013-10-09,547.0700073242188
2013-10-10,555.0800170898438
2013-10-11,555.6699829101562
2013-10-14,557.469970703125
2013-10-15,563.5599975585938
2013-10-16,563.2100219726562
2013-10-17,564.8699951171875
2013-10-18,570.3699951171875
2013-10-21,575.969970703125
2013-10-22,579.6400146484375
2013-10-23,578.1099853515625
2013-10-24,583.260009765625
2013-10-25,588.7899780273438
2013-10-28,584.989990234375
2013-10-29,588.6400146484375
2013-10-30,586.1099853515625
2013-10-31,582.739990234375
2013-11-01,585.260009765625
2013-11-04,587.219970703125
2013-11-05,585.0
2013-11-06,593.5800170898438
2013-11-07,590.6099853515625
2013-11-08,588.9500122070312
2013-11-11,593.1699829101562
2013-11-12,587.3900146484375
2013-11-13,585.7899780273438
2013-11-14,590.52001953125
2013-11-15,595.0399780273438
2013-11-18,596.260009765625
2013-11-19,594.739990234375
2013-11-20,591.8099975585938
2013-11-21,587.8900146484375
2013-11-22,589.75
2013-11-25,589.1500244140625
2013-11-26,587.3599853515625
2013-11-27,590.969970703125
2013-11-28,593.3200073242188
2013-11-29,592.469970703125
2013-12-02,591.8800048828125
2013-12-03,589.1599731445312
2013-12-04,585.6099853515625
2013-12-05,585.6099853515625
2013-12-06,584.5700073242188
2013-12-09,587.2100219726562
2013-12-10,586.8200073242188
2013-12-11,582.739990234375
2013-12-12,577.9000244140625
2013-12-13,579.9199829101562
2013-12-16,583.1099853515625
2013-12-17,584.0399780273438
2013-12-18,581.739990234375
2013-12-19,584.8800048828125
2013-12-20,590.989990234375
2013-12-23,598.3800048828125
2013-12-27,604.3099975585938
2013-12-30,602.7999877929688
2014-01-02,600.9199829101562
2014-01-03,601.1799926757812
2014-01-06,600.239990234375
2014-01-07,601.1300048828125
2014-01-08,604.3800048828125
2014-01-09,606.6199951171875
2014-01-10,610.8400268554688
2014-01-13,612.739990234375
2014-01-14,611.5800170898438
2014-01-15,618.6900024414062
2014-01-16,621.1400146484375
2014-01-17,618.739990234375
2014-01-20,617.9099731445312
2014-01-21,621.3200073242188
2014-01-22,618.1699829101562
2014-01-23,612.4400024414062
2014-01-24,603.1699829101562
2014-01-27,599.2000122070312
2014-01-28,598.5599975585938
2014-01-29,591.8900146484375
2014-01-30,595.6199951171875
2014-01-31,590.8800048828125
2014-02-03,590.4000244140625
2014-02-04,590.239990234375
2014-02-05,587.9400024414062
2014-02-06,593.1199951171875
2014-02-07,607.3699951171875
2014-02-10,604.6599731445312
2014-02-11,608.2899780273438
2014-02-12,606.4600219726562
2014-02-13,601.8599853515625
2014-02-14,604.989990234375
2014-02-17,606.3300170898438
2014-02-18,606.5800170898438
2014-02-19,607.5499877929688
2014-02-20,609.8200073242188
2014-02-21,611.8599853515625
2014-02-24,614.2100219726562
2014-02-25,608.6500244140625
2014-02-26,609.1900024414062
2014-02-27,608.6799926757812
2014-02-28,611.77001953125
2014-03-03,611.4099731445312
2014-03-04,616.5599975585938
2014-03-05,614.9600219726562
2014-03-06,616.3699951171875
2014-03-07,613.9600219726562
2014-03-10,610.5700073242188
2014-03-11,612.9000244140625
2014-03-12,605.0599975585938
2014-03-13,603.6500244140625
2014-03-14,601.27001953125
2014-03-17,606.260009765625
2014-03-18,607.5900268554688
2014-03-19,606.9500122070312
2014-03-20,608.4199829101562
2014-03-21,615.0999755859375
2014-03-24,613.5
2014-03-25,617.77001953125
2014-03-26,622.8300170898438
2014-03-27,622.219970703125
2014-03-28,621.6199951171875
2014-03-31,622.1900024414062
2014-04-01,620.02001953125
2014-04-02,619.989990234375
2014-04-03,619.4099731445312
2014-04-04,622.9600219726562
2014-04-07,614.0
2014-04-08,608.9000244140625
2014-04-09,614.7899780273438
2014-04-10,614.739990234375
2014-04-11,603.1500244140625
2014-04-14,607.9199829101562
2014-04-15,609.510009765625
2014-04-16,614.719970703125
2014-04-22,624.739990234375
2014-04-23,621.3400268554688
2014-04-24,625.1099853515625
2014-04-25,628.9099731445312
2014-04-28,629.97998046875
2014-04-29,642.0399780273438
2014-04-30,643.2000122070312
2014-05-02,648.8200073242188
2014-05-05,647.8499755859375
2014-05-06,649.1699829101562
2014-05-07,651.260009765625
2014-05-08,656.3099975585938
2014-05-09,656.780029296875
2014-05-12,662.530029296875
2014-05-13,662.1500244140625
2014-05-14,664.5700073242188
2014-05-15,663.9099731445312
2014-05-16,662.3099975585938
2014-05-19,662.9299926757812
2014-05-20,660.0499877929688
2014-05-21,664.1300048828125
2014-05-22,667.4500122070312
2014-05-23,670.1500244140625
2014-05-26,669.760009765625
2014-05-27,673.489990234375
2014-05-28,675.6199951171875
2014-05-30,675.1400146484375
2014-06-02,681.1300048828125
2014-06-03,683.030029296875
2014-06-04,679.1799926757812
2014-06-05,687.9299926757812
2014-06-06,691.4099731445312
2014-06-10,691.2999877929688
2014-06-11,688.989990234375
2014-06-12,693.969970703125
2014-06-13,695.47998046875
2014-06-16,693.219970703125
2014-06-17,685.9299926757812
2014-06-18,695.739990234375
2014-06-19,703.8800048828125
2014-06-20,702.739990234375
2014-06-23,704.8300170898438
2014-06-24,701.780029296875
2014-06-25,691.0800170898438
2014-06-26,688.9099731445312
2014-06-27,690.8800048828125
2014-06-30,690.3900146484375
2014-07-01,696.0399780273438
2014-07-02,695.8800048828125
2014-07-03,701.2899780273438
2014-07-04,700.27001953125
2014-07-07,699.780029296875
2014-07-08,692.02001953125
2014-07-09,692.25
2014-07-10,678.75
2014-07-11,680.8699951171875
2014-07-14,688.780029296875
2014-07-15,690.760009765625
2014-07-16,697.2899780273438
2014-07-17,694.989990234375
2014-07-18,688.9099731445312
2014-07-21,691.4600219726562
2014-07-22,698.0
2014-07-23,699.8499755859375
2014-07-24,699.2899780273438
2014-07-25,693.27001953125
2014-07-28,687.4600219726562
2014-07-29,690.510009765625
2014-07-30,686.3900146484375
2014-07-31,682.0499877929688
2014-08-01,676.0
2014-08-04,678.6599731445312
2014-08-05,679.6799926757812
2014-08-06,672.6400146484375
2014-08-07,663.8599853515625
2014-08-08,656.739990234375
2014-08-11,670.5499877929688
2014-08-12,659.47998046875
2014-08-13,661.72998046875
2014-08-14,664.22998046875
2014-08-15,667.9000244140625
2014-08-18,668.6599731445312
2014-08-19,670.1400146484375
2014-08-20,673.9400024414062
2014-08-21,674.52001953125
2014-08-22,672.780029296875
2014-08-25,676.8699951171875
2014-08-26,682.3900146484375
2014-08-27,683.4500122070312
2014-08-28,681.5599975585938
2014-08-29,677.4299926757812
2014-09-01,682.52001953125
2014-09-02,684.9500122070312
2014-09-03,687.0399780273438
2014-09-04,689.5399780273438
2014-09-05,684.9099731445312
2014-09-08,683.8900146484375
2014-09-09,680.4199829101562
2014-09-10,679.6599731445312
2014-09-11,677.260009765625
2014-09-12,680.7000122070312
2014-09-15,679.5
2014-09-16,680.75
2014-09-17,684.4500122070312
2014-09-18,686.9400024414062
2014-09-19,686.5900268554688
2014-09-22,684.780029296875
2014-09-23,675.760009765625
2014-09-24,676.4500122070312
2014-09-25,671.5900268554688
2014-09-26,673.6699829101562
2014-09-29,674.3699951171875
2014-09-30,676.3300170898438
2014-10-01,669.760009765625
2014-10-02,651.510009765625
2014-10-03,649.780029296875
2014-10-06,648.510009765625
2014-10-07,637.6599731445312
2014-10-08,634.27001953125
2014-10-09,626.219970703125
2014-10-10,615.0800170898438
2014-10-13,618.1799926757812
2014-10-14,619.02001953125
2014-10-15,606.0499877929688
2014-10-16,588.6599731445312
2014-10-17,611.7999877929688
2014-10-20,606.1900024414062
2014-10-21,625.72998046875
2014-10-22,633.27001953125
2014-10-23,631.3699951171875
2014-10-24,632.5900268554688
2014-10-27,629.2000122070312
2014-10-28,637.5999755859375
2014-10-29,645.0
2014-10-30,639.010009765625
2014-10-31,642.3699951171875
2014-11-03,641.9199829101562
2014-11-04,633.0900268554688
2014-11-05,641.22998046875
2014-11-06,639.8400268554688
2014-11-07,643.3699951171875
2014-11-10,648.0700073242188
2014-11-11,649.5900268554688
2014-11-12,646.3200073242188
2014-11-13,641.7999877929688
2014-11-14,652.3400268554688
2014-11-17,651.1799926757812
2014-11-18,653.3300170898438
2014-11-19,655.1500244140625
2014-11-20,652.6799926757812
2014-11-21,659.5700073242188
2014-11-24,661.1900024414062
2014-11-25,659.239990234375
2014-11-26,649.6400146484375
2014-11-27,633.0700073242188
2014-11-28,612.5499877929688
2014-12-01,610.489990234375
2014-12-02,616.4199829101562
2014-12-03,620.52001953125
2014-12-04,612.9000244140625
2014-12-05,610.9600219726562
2014-12-08,603.3499755859375
2014-12-09,593.9400024414062
2014-12-10,594.6699829101562
2014-12-11,593.7100219726562
2014-12-12,584.0499877929688
2014-12-15,581.4400024414062
2014-12-16,575.27001953125
2014-12-17,592.0700073242188
2014-12-18,615.5999755859375
2014-12-19,619.8599853515625
2014-12-22,623.6900024414062
2014-12-23,626.25
2014-12-29,624.3200073242188
2014-12-30,619.739990234375
2015-01-02,622.52001953125
2015-01-05,607.7000122070312
2015-01-06,612.0499877929688
2015-01-07,616.3499755859375
2015-01-08,622.9000244140625
2015-01-09,624.469970703125
2015-01-12,615.9500122070312
2015-01-13,625.75
2015-01-14,617.72998046875
2015-01-15,623.3300170898438
2015-01-16,622.6300048828125
2015-01-19,635.6799926757812
2015-01-20,631.4000244140625
2015-01-21,637.97998046875
2015-01-22,643.4500122070312
2015-01-23,647.02001953125
2015-01-26,645.8099975585938
2015-01-27,638.4299926757812
2015-01-28,639.739990234375
2015-01-29,636.1599731445312
2015-01-30,635.7100219726562
2015-02-02,644.7999877929688
2015-02-03,659.4099731445312
2015-02-04,648.3900146484375
2015-02-05,655.8400268554688
2015-02-06,660.2000122070312
2015-02-09,664.510009765625
2015-02-10,659.8400268554688
2015-02-11,647.3499755859375
2015-02-12,655.6500244140625
2015-02-13,664.760009765625
2015-02-16,668.5800170898438
2015-02-17,663.75
2015-02-18,667.8300170898438
2015-02-19,659.9500122070312
2015-02-20,660.3400268554688
2015-02-23,659.6400146484375
2015-02-24,661.9099731445312
2015-02-25,664.3499755859375
2015-02-26,666.9400024414062
2015-02-27,663.280029296875
2015-03-02,660.47998046875
2015-03-03,663.1300048828125
2015-03-04,656.22998046875
2015-03-05,662.989990234375
2015-03-06,665.510009765625
2015-03-09,659.9600219726562
2015-03-10,647.9099731445312
2015-03-11,652.02001953125
2015-03-12,655.6199951171875
2015-03-13,654.7000122070312
2015-03-16,652.1599731445312
2015-03-17,653.8099975585938
2015-03-18,660.219970703125
2015-03-19,657.3800048828125
2015-03-20,668.5399780273438
2015-03-23,667.7100219726562
2015-03-24,666.780029296875
2015-03-25,662.5700073242188
2015-03-26,658.77001953125
2015-03-27,662.6900024414062
2015-03-30,665.469970703125
2015-03-31,664.9600219726562
2015-04-01,668.1799926757812
2015-04-07,692.8699951171875
2015-04-08,691.530029296875
2015-04-09,693.5900268554688
2015-04-10,704.4199829101562
2015-04-13,705.5499877929688
2015-04-14,705.47998046875
2015-04-15,711.219970703125
2015-04-16,710.2000122070312
2015-04-17,701.510009765625
2015-04-20,702.3599853515625
2015-04-21,705.1900024414062
2015-04-22,696.510009765625
2015-04-23,702.6099853515625
2015-04-24,703.8400268554688
2015-04-27,705.52001953125
2015-04-28,699.239990234375
2015-04-29,686.5700073242188
2015-04-30,695.6199951171875
2015-05-04,702.9299926757812
2015-05-05,704.6400146484375
2015-05-06,701.2000122070312
2015-05-07,693.8699951171875
2015-05-08,701.1099853515625
2015-05-11,707.1799926757812
2015-05-12,703.739990234375
2015-05-13,710.6900024414062
2015-05-15,704.8499755859375
2015-05-18,703.4000244140625
2015-05-19,700.489990234375
2015-05-20,700.97998046875
2015-05-21,704.1699829101562
2015-05-22,702.6199951171875
2015-05-26,692.739990234375
2015-05-27,695.4500122070312
2015-05-28,694.3499755859375
2015-05-29,694.7000122070312
2015-06-01,693.1699829101562
2015-06-02,699.489990234375
2015-06-03,703.6199951171875
2015-06-04,696.6500244140625
2015-06-05,697.5800170898438
2015-06-08,698.6599731445312
2015-06-09,690.6500244140625
2015-06-10,691.9099731445312
2015-06-11,693.9299926757812
2015-06-12,683.7100219726562
2015-06-15,674.3900146484375
2015-06-16,675.030029296875
2015-06-17,678.8200073242188
2015-06-18,675.7999877929688
2015-06-19,680.2100219726562
2015-06-22,687.0700073242188
2015-06-23,690.6799926757812
2015-06-24,694.530029296875
2015-06-25,690.97998046875
2015-06-26,690.25
2015-06-29,678.75
2015-06-30,676.2000122070312
2015-07-01,675.7100219726562
2015-07-02,679.719970703125
2015-07-03,674.4299926757812
2015-07-06,666.2000122070312
2015-07-07,661.2899780273438
2015-07-08,663.9600219726562
2015-07-09,672.3800048828125
2015-07-10,680.6699829101562
2015-07-13,683.5999755859375
2015-07-14,689.8800048828125
2015-07-15,692.1599731445312
2015-07-16,695.8499755859375
2015-07-17,694.530029296875
2015-07-20,693.5900268554688
2015-07-21,696.4299926757812
2015-07-22,688.6400146484375
2015-07-23,689.469970703125
2015-07-24,685.25
2015-07-27,669.3499755859375
2015-07-28,671.7899780273438
2015-07-29,683.280029296875
2015-07-30,687.489990234375
2015-07-31,683.0399780273438
2015-08-03,682.8200073242188
2015-08-04,681.969970703125
2015-08-05,688.1599731445312
2015-08-06,679.1500244140625
2015-08-07,681.0499877929688
2015-08-10,679.1900024414062
2015-08-11,668.780029296875
2015-08-12,662.7000122070312
2015-08-13,665.8800048828125
2015-08-14,656.719970703125
2015-08-17,656.6400146484375
2015-08-18,655.739990234375
2015-08-19,648.719970703125
2015-08-20,637.77001953125
2015-08-21,627.489990234375
2015-08-24,593.989990234375
2015-08-25,610.2100219726562
2015-08-26,615.0399780273438
2015-08-27,626.4600219726562
2015-08-28,635.030029296875
2015-08-31,634.47998046875
2015-09-01,623.0700073242188
2015-09-02,623.2999877929688
2015-09-03,638.9600219726562
2015-09-04,623.0
2015-09-07,621.030029296875
2015-09-08,631.1400146484375
2015-09-09,638.1500244140625
2015-09-10,625.6699829101562
2015-09-11,618.7899780273438
2015-09-14,614.47998046875
2015-09-15,618.2899780273438
2015-09-16,628.1799926757812
2015-09-17,632.510009765625
2015-09-18,624.260009765625
2015-09-21,626.6300048828125
2015-09-22,619.1099853515625
2015-09-23,615.27001953125
2015-09-24,606.6300048828125
2015-09-25,620.7899780273438
2015-09-28,610.6900024414062
2015-09-29,611.6300048828125
2015-09-30,622.719970703125
2015-10-01,628.1500244140625
2015-10-02,624.1599731445312
2015-10-05,645.1799926757812
2015-10-06,658.5800170898438
2015-10-07,670.8400268554688
2015-10-08,661.0
2015-10-09,666.1199951171875
2015-10-12,659.1400146484375
2015-10-13,654.8900146484375
2015-10-14,653.260009765625
2015-10-15,659.5999755859375
2015-10-16,659.5900268554688
2015-10-19,658.9600219726562
2015-10-20,657.9099731445312
2015-10-21,658.6500244140625
2015-10-22,660.6699829101562
2015-10-23,668.280029296875
2015-10-26,667.0800170898438
2015-10-27,658.1900024414062
2015-10-28,663.8900146484375
2015-10-29,656.5700073242188
2015-10-30,655.530029296875
2015-11-02,659.4000244140625
2015-11-03,666.9500122070312
2015-11-04,677.739990234375
2015-11-05,671.1699829101562
2015-11-06,668.739990234375
2015-11-09,671.010009765625
2015-11-10,666.4199829101562
2015-11-11,665.4400024414062
2015-11-12,650.8400268554688
2015-11-13,648.469970703125
2015-11-16,652.6199951171875
2015-11-17,661.5
2015-11-18,668.4600219726562
2015-11-19,668.47998046875
2015-11-20,666.1900024414062
2015-11-23,665.3300170898438
2015-11-24,666.2999877929688
2015-11-25,665.1699829101562
2015-11-26,668.9500122070312
2015-11-27,665.8400268554688
2015-11-30,669.6599731445312
2015-12-01,672.530029296875
2015-12-02,673.5999755859375
2015-12-03,664.4299926757812
2015-12-04,653.8800048828125
2015-12-07,654.3099975585938
2015-12-08,644.9600219726562
2015-12-09,650.3099975585938
2015-12-10,642.6199951171875
2015-12-11,632.9299926757812
2015-12-14,622.719970703125
2015-12-15,640.8099975585938
2015-12-16,643.5399780273438
2015-12-17,638.6900024414062
2015-12-18,628.22998046875
2015-12-21,628.4600219726562
2015-12-22,626.969970703125
2015-12-23,644.3900146484375
2015-12-28,640.9500122070312
2015-12-29,648.4099731445312
2015-12-30,648.9600219726562
2016-01-04,640.8400268554688
2016-01-05,629.6199951171875
2016-01-06,620.6099853515625
2016-01-07,603.9199829101562
2016-01-08,601.1199951171875
2016-01-11,591.52001953125
2016-01-12,589.1300048828125
2016-01-13,591.75
2016-01-14,577.3300170898438
2016-01-15,570.8599853515625
2016-01-18,563.219970703125
2016-01-19,579.4400024414062
2016-01-20,552.3200073242188
2016-01-21,565.8200073242188
2016-01-22,590.6300048828125
2016-01-25,584.5999755859375
2016-01-26,589.219970703125
2016-01-27,585.010009765625
2016-01-28,593.9299926757812
2016-01-29,603.3599853515625
2016-02-01,596.6199951171875
2016-02-02,578.1599731445312
2016-02-03,579.5700073242188
2016-02-04,596.489990234375
2016-02-05,605.3200073242188
2016-02-08,581.1900024414062
2016-02-09,575.1699829101562
2016-02-10,571.0800170898438
2016-02-11,555.0399780273438
2016-02-12,563.6199951171875
2016-02-15,580.8699951171875
2016-02-16,573.489990234375
2016-02-17,596.2000122070312
2016-02-18,599.97998046875
2016-02-19,591.9400024414062
2016-02-22,608.280029296875
2016-02-23,604.6799926757812
2016-02-24,587.1300048828125
2016-02-25,598.7100219726562
2016-02-26,609.9299926757812
2016-02-29,616.8099975585938
2016-03-01,619.1699829101562
2016-03-02,616.4000244140625
2016-03-03,622.9199829101562
2016-03-04,635.469970703125
2016-03-07,632.75
2016-03-08,633.8300170898438
2016-03-09,630.6799926757812
2016-03-10,629.77001953125
2016-03-11,632.72998046875
2016-03-14,636.969970703125
2016-03-15,629.469970703125
2016-03-16,633.780029296875
2016-03-17,634.5900268554688
2016-03-18,640.2100219726562
2016-03-21,638.3599853515625
2016-03-22,639.219970703125
2016-03-23,636.4099731445312
2016-03-29,618.6900024414062
2016-03-30,634.9500122070312
2016-03-31,627.9099731445312
2016-04-01,618.1699829101562
2016-04-04,615.0800170898438
2016-04-05,607.5599975585938
2016-04-06,610.6599731445312
2016-04-07,609.0499877929688
2016-04-08,615.5800170898438
2016-04-11,621.7100219726562
2016-04-12,624.739990234375
2016-04-13,639.969970703125
2016-04-14,640.239990234375
2016-04-15,635.7999877929688
2016-04-18,635.9099731445312
2016-04-19,647.8599853515625
2016-04-20,649.5599975585938
2016-04-21,652.5900268554688
2016-04-22,649.7000122070312
2016-04-25,645.8599853515625
2016-04-26,648.1500244140625
2016-04-27,662.6500244140625
2016-04-28,667.3400268554688
2016-04-29,661.7899780273438
2016-05-02,655.760009765625
2016-05-03,645.9099731445312
2016-05-04,648.219970703125
2016-05-06,649.280029296875
2016-05-09,646.1500244140625
2016-05-10,646.8499755859375
2016-05-11,651.3099975585938
2016-05-12,654.7899780273438
2016-05-13,651.989990234375
2016-05-18,660.6799926757812
2016-05-19,647.8599853515625
2016-05-20,658.0
2016-05-23,658.1900024414062
2016-05-24,663.9099731445312
2016-05-25,673.72998046875
2016-05-26,676.6599731445312
2016-05-27,672.0999755859375
2016-05-30,676.8400268554688
2016-05-31,670.9600219726562
2016-06-01,665.22998046875
2016-06-02,665.1799926757812
2016-06-03,663.1099853515625
2016-06-06,670.5
2016-06-07,678.3699951171875
2016-06-08,681.4000244140625
2016-06-09,671.22998046875
2016-06-10,663.3900146484375
2016-06-13,654.260009765625
2016-06-14,644.1799926757812
2016-06-15,647.1599731445312
2016-06-16,631.1500244140625
2016-06-17,648.5900268554688
2016-06-20,662.2100219726562
2016-06-21,660.7899780273438
2016-06-22,665.8800048828125
2016-06-23,670.239990234375
2016-06-24,650.719970703125
2016-06-27,631.2100219726562
2016-06-28,646.1699829101562
2016-06-29,661.1099853515625
2016-06-30,665.719970703125
2016-07-01,675.5999755859375
2016-07-04,673.4299926757812
2016-07-05,662.030029296875
2016-07-06,656.7100219726562
2016-07-07,674.6599731445312
2016-07-08,675.1599731445312
2016-07-11,684.77001953125
2016-07-12,682.6300048828125
2016-07-13,684.97998046875
2016-07-14,686.4299926757812
2016-07-15,687.5399780273438
2016-07-18,684.239990234375
2016-07-19,689.4500122070312
2016-07-20,689.4199829101562
2016-07-21,696.5800170898438
2016-07-22,688.7100219726562
2016-07-25,680.8099975585938
2016-07-26,683.3099975585938
2016-07-27,684.6300048828125
2016-07-28,675.77001953125
2016-07-29,671.3400268554688
2016-08-01,669.1500244140625
2016-08-02,663.7000122070312
2016-08-03,660.969970703125
2016-08-04,668.4099731445312
2016-08-05,672.469970703125
2016-08-08,675.1799926757812
2016-08-09,683.1400146484375
2016-08-10,679.9000244140625
2016-08-11,681.1500244140625
2016-08-12,680.8300170898438
2016-08-15,678.260009765625
2016-08-16,677.4199829101562
2016-08-17,666.1699829101562
2016-08-18,669.4099731445312
2016-08-19,671.8699951171875
2016-08-22,671.25
2016-08-23,676.0900268554688
2016-08-24,678.1599731445312
2016-08-25,675.72998046875
2016-08-26,677.6099853515625
2016-08-29,675.9299926757812
2016-08-30,681.4099731445312
2016-08-31,677.5800170898438
2016-09-01,673.469970703125
2016-09-02,681.3200073242188
2016-09-05,687.030029296875
2016-09-06,682.22998046875
2016-09-07,685.9500122070312
2016-09-08,684.5700073242188
2016-09-09,678.0
2016-09-12,667.4099731445312
2016-09-13,661.4000244140625
2016-09-14,661.0399780273438
2016-09-15,654.719970703125
2016-09-16,659.25
2016-09-19,665.47998046875
2016-09-20,666.5999755859375
2016-09-21,668.4199829101562
2016-09-22,677.4600219726562
2016-09-23,676.2000122070312
2016-09-26,666.3800048828125
2016-09-27,660.969970703125
2016-09-28,666.6099853515625
2016-09-29,682.9600219726562
2016-09-30,683.3900146484375
2016-10-03,683.8699951171875
2016-10-04,692.4600219726562
2016-10-05,694.3099975585938
2016-10-06,696.3099975585938
2016-10-07,692.3099975585938
2016-10-10,703.5900268554688
2016-10-11,701.219970703125
2016-10-12,697.8400268554688
2016-10-13,693.0399780273438
2016-10-14,701.260009765625
2016-10-17,695.75
2016-10-18,696.9099731445312
2016-10-19,701.9000244140625
2016-10-20,702.1599731445312
2016-10-21,706.3499755859375
2016-10-24,707.1699829101562
2016-10-25,712.0399780273438
2016-10-26,697.8400268554688
2016-10-27,709.1699829101562
2016-10-28,708.0
2016-10-31,702.9500122070312
2016-11-01,703.6300048828125
2016-11-02,689.4199829101562
2016-11-03,693.4000244140625
2016-11-04,688.6799926757812
2016-11-07,696.6199951171875
2016-11-08,700.0599975585938
2016-11-09,701.9600219726562
2016-11-10,711.0499877929688
2016-11-11,704.6300048828125
2016-11-14,702.4299926757812
2016-11-15,712.3300170898438
2016-11-16,711.1799926757812
2016-11-17,714.8300170898438
2016-11-18,714.5499877929688
2016-11-21,722.3499755859375
2016-11-22,726.6900024414062
2016-11-23,725.9000244140625
2016-11-24,728.219970703125
2016-11-25,727.5900268554688
2016-11-28,724.010009765625
2016-11-29,716.969970703125
2016-11-30,728.0700073242188
2016-12-01,737.1699829101562
2016-12-02,731.530029296875
2016-12-05,737.010009765625
2016-12-06,734.7999877929688
2016-12-07,742.010009765625
2016-12-08,751.1900024414062
2016-12-09,757.4299926757812
2016-12-12,762.3599853515625
2016-12-13,760.0700073242188
2016-12-14,757.5800170898438
2016-12-15,751.6900024414062
2016-12-16,758.2999877929688
2016-12-19,756.2899780273438
2016-12-20,755.9400024414062
2016-12-21,753.7000122070312
2016-12-22,756.260009765625
2016-12-23,758.6300048828125
2016-12-27,763.8200073242188
2016-12-28,766.1699829101562
2016-12-29,767.2899780273438
2016-12-30,764.6599731445312
2017-01-02,772.9099731445312
2017-01-03,777.0700073242188
2017-01-04,772.6400146484375
2017-01-05,777.9299926757812
2017-01-06,775.4500122070312
2017-01-09,769.4000244140625
2017-01-10,769.8400268554688
2017-01-11,774.6099853515625
2017-01-12,773.7000122070312
2017-01-13,778.4000244140625
2017-01-16,773.2000122070312
2017-01-17,771.2999877929688
2017-01-18,774.4500122070312
2017-01-19,778.8599853515625
2017-01-20,781.47998046875
2017-01-23,777.0999755859375
2017-01-24,780.9000244140625
2017-01-25,788.8499755859375
2017-01-26,789.5399780273438
2017-01-27,787.5499877929688
2017-01-30,775.6300048828125
2017-01-31,769.8599853515625
2017-02-01,778.97998046875
2017-02-02,770.25
2017-02-03,778.25
2017-02-06,779.5999755859375
2017-02-07,777.530029296875
2017-02-08,771.1699829101562
2017-02-09,770.030029296875
2017-02-10,772.4299926757812
2017-02-13,778.7999877929688
2017-02-14,776.5900268554688
2017-02-15,769.6599731445312
2017-02-16,768.7000122070312
2017-02-17,762.4000244140625
2017-02-20,766.280029296875
2017-02-21,776.3699951171875
2017-02-22,770.4400024414062
2017-02-23,769.9500122070312
2017-02-24,763.3400268554688
2017-02-27,763.8699951171875
2017-02-28,766.5599975585938
2017-03-01,773.530029296875
2017-03-02,775.3800048828125
2017-03-03,767.219970703125
2017-03-06,765.469970703125
2017-03-07,767.3200073242188
2017-03-08,764.8099975585938
2017-03-09,761.530029296875
2017-03-10,771.510009765625
2017-03-13,772.6799926757812
2017-03-14,764.8200073242188
2017-03-15,768.97998046875
2017-03-16,774.1900024414062
2017-03-17,775.0900268554688
2017-03-20,774.6599731445312
2017-03-21,773.9099731445312
2017-03-22,764.1199951171875
2017-03-23,763.9000244140625
2017-03-24,763.2999877929688
2017-03-27,748.4199829101562
2017-03-28,754.5399780273438
2017-03-29,755.6500244140625
2017-03-30,762.6599731445312
2017-03-31,757.4299926757812
2017-04-03,762.3400268554688
2017-04-04,758.0499877929688
2017-04-05,765.030029296875
2017-04-06,762.8900146484375
2017-04-07,763.8400268554688
2017-04-10,765.6699829101562
2017-04-11,763.239990234375
2017-04-12,767.4199829101562
2017-04-18,754.2899780273438
2017-04-19,750.5800170898438
2017-04-20,750.4600219726562
2017-04-21,749.5900268554688
2017-04-24,758.469970703125
2017-04-25,765.4299926757812
2017-04-26,766.3099975585938
2017-04-27,765.2899780273438
2017-04-28,765.1300048828125
2017-05-02,772.6900024414062
2017-05-03,771.0499877929688
2017-05-04,767.1599731445312
2017-05-05,778.3300170898438
2017-05-08,782.8400268554688
2017-05-09,789.6099853515625
2017-05-10,790.469970703125
2017-05-11,790.0599975585938
2017-05-12,792.4000244140625
2017-05-15,797.9199829101562
2017-05-16,801.9400024414062
2017-05-18,786.219970703125
2017-05-19,795.8599853515625
2017-05-22,797.0999755859375
2017-05-23,795.0599975585938
2017-05-24,798.6699829101562
2017-05-26,790.1500244140625
2017-05-29,789.5999755859375
2017-05-30,788.9199829101562
2017-05-31,781.5499877929688
2017-06-01,784.1699829101562
2017-06-02,783.1400146484375
2017-06-06,780.760009765625
2017-06-07,784.1400146484375
2017-06-08,776.4500122070312
2017-06-09,777.8099975585938
2017-06-12,783.9400024414062
2017-06-13,782.260009765625
2017-06-14,780.0399780273438
2017-06-15,767.280029296875
2017-06-16,769.4199829101562
2017-06-19,775.8800048828125
2017-06-20,772.4199829101562
2017-06-21,767.8400268554688
2017-06-22,761.8300170898438
2017-06-23,762.7100219726562
2017-06-26,762.4500122070312
2017-06-27,763.4099731445312
2017-06-28,767.7899780273438
2017-06-29,763.5900268554688
2017-06-30,766.3499755859375
2017-07-03,772.6500244140625
2017-07-04,774.8400268554688
2017-07-05,768.1699829101562
2017-07-06,768.1300048828125
2017-07-07,762.6099853515625
2017-07-10,768.5399780273438
2017-07-11,768.8699951171875
2017-07-12,784.0700073242188
2017-07-13,788.27001953125
2017-07-14,787.9400024414062
2017-07-17,796.510009765625
2017-07-18,793.0999755859375
2017-07-19,796.0499877929688
2017-07-20,803.52001953125
2017-07-21,792.0599975585938
2017-07-24,792.6599731445312
2017-07-25,795.3200073242188
2017-07-26,803.3800048828125
2017-07-27,804.9199829101562
2017-07-28,807.9500122070312
2017-07-31,806.510009765625
2017-08-01,811.280029296875
2017-08-02,810.0800170898438
2017-08-03,811.0399780273438
2017-08-04,812.8800048828125
2017-08-07,817.1300048828125
2017-08-08,817.4099731445312
2017-08-09,816.1099853515625
2017-08-10,810.260009765625
2017-08-11,801.2999877929688
2017-08-14,808.8699951171875
2017-08-15,803.9000244140625
2017-08-16,810.469970703125
2017-08-17,800.6199951171875
2017-08-18,800.3599853515625
2017-08-21,800.0999755859375
2017-08-22,805.510009765625
2017-08-23,803.8499755859375
2017-08-24,805.27001953125
2017-08-25,805.6900024414062
2017-08-28,803.77001953125
2017-08-29,797.4000244140625
2017-08-30,804.1900024414062
2017-08-31,814.4000244140625
2017-09-01,820.8800048828125
2017-09-04,819.739990234375
2017-09-05,822.9099731445312
2017-09-06,819.3400268554688
2017-09-07,821.4199829101562
2017-09-08,819.1699829101562
2017-09-11,825.4299926757812
2017-09-12,830.5999755859375
2017-09-13,837.3800048828125
2017-09-14,839.260009765625
2017-09-15,835.1400146484375
2017-09-18,839.0399780273438
2017-09-19,839.8800048828125
2017-09-20,842.0900268554688
2017-09-21,848.280029296875
2017-09-22,850.25
2017-09-25,855.8400268554688
2017-09-26,852.25
2017-09-27,857.0
2017-09-28,861.1099853515625
2017-09-29,861.5
2017-10-02,863.010009765625
2017-10-03,867.1400146484375
2017-10-04,861.2000122070312
2017-10-05,867.280029296875
2017-10-06,862.239990234375
2017-10-09,863.5800170898438
2017-10-10,866.5399780273438
2017-10-11,866.8599853515625
2017-10-12,868.27001953125
2017-10-13,870.5999755859375
2017-10-16,870.2000122070312
2017-10-17,868.489990234375
2017-10-18,867.5700073242188
2017-10-19,865.6900024414062
2017-10-20,874.22998046875
2017-10-23,871.4299926757812
2017-10-24,871.5499877929688
2017-10-25,879.7899780273438
2017-10-26,875.9199829101562
2017-10-27,883.3900146484375
2017-10-30,894.1500244140625
2017-10-31,890.0999755859375
2017-11-01,900.0700073242188
2017-11-02,893.52001953125
2017-11-03,899.3499755859375
2017-11-06,902.4000244140625
2017-11-07,906.260009765625
2017-11-08,910.1099853515625
2017-11-09,899.280029296875
2017-11-10,896.5900268554688
2017-11-13,894.6500244140625
2017-11-14,889.8900146484375
2017-11-15,881.489990234375
2017-11-16,888.1699829101562
2017-11-17,881.8499755859375
2017-11-20,886.239990234375
2017-11-21,895.3300170898438
2017-11-22,894.3900146484375
2017-11-23,891.47998046875
2017-11-24,887.739990234375
2017-11-27,879.9000244140625
2017-11-28,882.6900024414062
2017-11-29,884.47998046875
2017-11-30,885.0700073242188
2017-12-01,887.719970703125
2017-12-04,890.7999877929688
2017-12-05,882.5800170898438
2017-12-06,875.3099975585938
2017-12-07,871.280029296875
2017-12-08,875.9199829101562
2017-12-11,881.8800048828125
2017-12-12,893.0700073242188
2017-12-13,888.780029296875
2017-12-14,884.8599853515625
2017-12-15,879.9299926757812
2017-12-18,888.8300170898438
2017-12-19,889.5700073242188
2017-12-20,889.030029296875
2017-12-21,900.0900268554688
2017-12-22,899.530029296875
2017-12-27,908.4299926757812
2017-12-28,910.72998046875
2017-12-29,906.97998046875
2018-01-02,908.8800048828125
2018-01-03,912.4400024414062
2018-01-04,922.219970703125
2018-01-05,929.280029296875
2018-01-08,931.5800170898438
2018-01-09,938.1900024414062
2018-01-10,938.260009765625
2018-01-11,937.52001953125
2018-01-12,938.52001953125
2018-01-15,939.52001953125
2018-01-16,939.6099853515625
2018-01-17,935.1699829101562
2018-01-18,933.2999877929688
2018-01-19,934.8400268554688
2018-01-22,940.469970703125
2018-01-23,940.4099731445312
2018-01-24,939.3699951171875
2018-01-25,932.1799926757812
2018-01-26,925.5499877929688
2018-01-29,919.0700073242188
2018-01-30,907.1699829101562
2018-01-31,909.0399780273438
2018-02-01,916.7899780273438
2018-02-02,906.4500122070312
2018-02-05,899.0700073242188
2018-02-06,879.0499877929688
2018-02-07,897.3800048828125
2018-02-08,891.6699829101562
2018-02-09,880.1400146484375
2018-02-12,891.9099731445312
2018-02-13,892.2899780273438
2018-02-14,886.25
2018-02-15,894.969970703125
2018-02-16,903.8499755859375
2018-02-19,903.3099975585938
2018-02-20,906.280029296875
2018-02-21,909.52001953125
2018-02-22,909.02001953125
2018-02-23,920.5900268554688
2018-02-26,919.22998046875
2018-02-27,918.0800170898438
2018-02-28,918.719970703125
2018-03-01,907.4400024414062
2018-03-02,889.5700073242188
2018-03-05,898.1400146484375
2018-03-06,915.6900024414062
2018-03-07,909.4000244140625
2018-03-08,912.7899780273438
2018-03-09,915.75
2018-03-12,914.52001953125
2018-03-13,915.6699829101562
2018-03-14,908.8900146484375
2018-03-15,904.760009765625
2018-03-16,904.9600219726562
2018-03-19,894.8800048828125
2018-03-20,900.6099853515625
2018-03-21,905.1699829101562
2018-03-22,894.1500244140625
2018-03-23,899.989990234375
2018-03-26,899.52001953125
2018-03-27,907.8099975585938
2018-03-28,907.3800048828125
2018-04-03,912.9500122070312
2018-04-04,902.9400024414062
2018-04-05,922.1699829101562
2018-04-06,919.7999877929688
2018-04-09,921.47998046875
2018-04-10,938.9099731445312
2018-04-11,941.530029296875
2018-04-12,942.9099731445312
2018-04-13,947.7000122070312
2018-04-16,945.9600219726562
2018-04-17,946.27001953125
2018-04-18,959.5999755859375
2018-04-19,961.3699951171875
2018-04-20,956.77001953125
2018-04-23,963.3400268554688
2018-04-24,966.02001953125
2018-04-25,952.22998046875
2018-04-26,977.0800170898438
2018-04-27,977.030029296875
2018-04-30,974.239990234375
2018-05-02,985.1199951171875
2018-05-03,979.2899780273438
2018-05-04,979.1199951171875
2018-05-07,991.1500244140625
2018-05-08,991.489990234375
2018-05-09,999.22998046875
2018-05-11,1002.4099731445312
2018-05-14,999.6300048828125
2018-05-15,1006.4000244140625
2018-05-16,1008.5499877929688
2018-05-18,1019.0700073242188
2018-05-22,1013.9400024414062
2018-05-23,1003.8599853515625
2018-05-24,994.6500244140625
2018-05-25,981.5399780273438
2018-05-28,985.7000122070312
2018-05-29,985.8800048828125
2018-05-30,990.7899780273438
2018-05-31,998.5800170898438
2018-06-01,1003.8300170898438
2018-06-04,1004.969970703125
2018-06-05,999.7100219726562
2018-06-06,1004.3599853515625
2018-06-07,1014.9600219726562
2018-06-08,1016.0499877929688
2018-06-11,1023.0800170898438
2018-06-12,1020.9500122070312
2018-06-13,1018.27001953125
2018-06-14,1023.3699951171875
2018-06-15,1018.3200073242188
2018-06-18,1011.6900024414062
2018-06-19,1007.6900024414062
2018-06-20,1003.7000122070312
2018-06-21,991.4600219726562
2018-06-22,1005.510009765625
2018-06-25,991.4199829101562
2018-06-26,993.1699829101562
2018-06-27,1008.1199951171875
2018-06-28,1000.47998046875
2018-06-29,1004.9400024414062
2018-07-02,997.5999755859375
2018-07-03,1003.0900268554688
2018-07-04,1004.6699829101562
2018-07-05,1011.6699829101562
2018-07-06,1003.3900146484375
2018-07-09,1015.6799926757812
2018-07-10,1028.4100341796875
2018-07-11,1018.3099975585938
2018-07-12,1009.9099731445312
2018-07-13,998.4199829101562
2018-07-16,989.3400268554688
2018-07-17,989.4099731445312
2018-07-18,990.8400268554688
2018-07-19,993.9600219726562
2018-07-20,994.5999755859375
2018-07-23,996.219970703125
2018-07-24,1000.3499755859375
2018-07-25,1003.25
2018-07-26,1000.2100219726562
2018-07-27,1011.47998046875
2018-07-30,1009.4000244140625
2018-07-31,1017.719970703125
2018-08-01,1014.8200073242188
2018-08-02,1012.010009765625
2018-08-03,1012.1699829101562
2018-08-06,1013.0900268554688
2018-08-07,1027.6099853515625
2018-08-08,1027.25
2018-08-09,1027.3599853515625
2018-08-10,1016.5999755859375
2018-08-13,1015.739990234375
2018-08-14,1013.280029296875
2018-08-15,999.8400268554688
2018-08-16,1004.0399780273438
2018-08-17,1006.510009765625
2018-08-20,1021.4099731445312
2018-08-21,1024.93994140625
2018-08-22,1028.1500244140625
2018-08-23,1026.68994140625
2018-08-24,1029.010009765625
2018-08-27,1035.780029296875
2018-08-28,1038.3800048828125
2018-08-29,1038.5999755859375
2018-08-30,1036.050048828125
2018-08-31,1028.9100341796875
2018-09-03,1030.6500244140625
2018-09-04,1027.9200439453125
2018-09-05,1017.1500244140625
2018-09-06,1018.2999877929688
2018-09-07,1011.6400146484375
2018-09-10,1016.6699829101562
2018-09-11,1022.0499877929688
2018-09-12,1028.8800048828125
2018-09-13,1028.8599853515625
2018-09-14,1029.97998046875
2018-09-17,1033.5699462890625
2018-09-18,1037.5
2018-09-19,1034.2099609375
2018-09-20,1038.97998046875
2018-09-21,1046.219970703125
2018-09-24,1059.3499755859375
2018-09-25,1079.1500244140625
2018-09-26,1072.0899658203125
2018-09-27,1072.2900390625
2018-09-28,1069.1400146484375
2018-10-01,1073.25
2018-10-02,1074.81005859375
2018-10-03,1071.3699951171875
2018-10-04,1060.530029296875
2018-10-05,1056.949951171875
2018-10-08,1048.6199951171875
2018-10-09,1055.5999755859375
2018-10-10,1044.56005859375
2018-10-11,1016.47998046875
2018-10-12,1018.6799926757812
2018-10-15,1018.52001953125
2018-10-16,1029.030029296875
2018-10-17,1028.5799560546875
2018-10-18,1014.6500244140625
2018-10-19,1028.0799560546875
2018-10-22,1006.260009765625
2018-10-23,984.9600219726562
2018-10-24,990.5599975585938
2018-10-25,993.5900268554688
2018-10-26,981.9400024414062
2018-10-29,994.7100219726562
2018-10-30,986.22998046875
2018-10-31,1010.4000244140625
2018-11-01,1004.030029296875
2018-11-02,1006.260009765625
2018-11-05,1012.0
2018-11-06,1008.8699951171875
2018-11-07,1015.4299926757812
2018-11-08,1009.6699829101562
2018-11-09,999.5700073242188
2018-11-12,1002.510009765625
2018-11-13,986.1300048828125
2018-11-14,983.1799926757812
2018-11-15,976.8200073242188
2018-11-16,986.739990234375
2018-11-19,976.969970703125
2018-11-20,950.02001953125
2018-11-21,965.3900146484375
2018-11-22,958.5999755859375
2018-11-23,942.489990234375
2018-11-26,961.1400146484375
2018-11-27,965.75
2018-11-28,962.6400146484375
2018-11-29,971.8400268554688
2018-11-30,971.010009765625
2018-12-03,988.1900024414062
2018-12-04,982.5800170898438
2018-12-05,969.6599731445312
2018-12-06,934.52001953125
2018-12-07,955.6099853515625
2018-12-10,933.1199951171875
2018-12-11,944.0
2018-12-12,954.6400146484375
2018-12-13,946.8599853515625
2018-12-14,939.0399780273438
2018-12-17,925.3599853515625
2018-12-18,920.27001953125
2018-12-19,929.280029296875
2018-12-20,906.9500122070312
2018-12-21,905.1400146484375
2018-12-27,884.469970703125
2018-12-28,902.2999877929688
2019-01-02,906.8900146484375
2019-01-03,914.6799926757812
2019-01-04,938.0999755859375
2019-01-07,937.8200073242188
2019-01-08,944.719970703125
2019-01-09,953.6599731445312
2019-01-10,949.030029296875
2019-01-11,948.3400268554688
2019-01-14,942.3099975585938
2019-01-15,946.8099975585938
2019-01-16,947.030029296875
2019-01-17,947.8099975585938
2019-01-18,964.0399780273438
2019-01-21,964.989990234375
2019-01-22,956.0
2019-01-23,950.3400268554688
2019-01-24,948.1400146484375
2019-01-25,946.3400268554688
2019-01-28,934.9199829101562
2019-01-29,943.6599731445312
2019-01-30,943.4000244140625
2019-01-31,946.3800048828125
2019-02-01,948.25
2019-02-04,950.8499755859375
2019-02-05,967.5499877929688
2019-02-06,961.9500122070312
2019-02-07,959.4099731445312
2019-02-08,943.3699951171875
2019-02-11,948.760009765625
2019-02-12,963.4600219726562
2019-02-13,974.239990234375
2019-02-14,967.3800048828125
2019-02-15,982.3800048828125
2019-02-18,982.9400024414062
2019-02-19,981.3599853515625
2019-02-20,978.739990234375
2019-02-21,982.4500122070312
2019-02-22,987.5499877929688
2019-02-25,988.5
2019-02-26,987.8499755859375
2019-02-27,984.9500122070312
2019-02-28,977.8800048828125
2019-03-01,978.780029296875
2019-03-04,983.47998046875
2019-03-05,984.2999877929688
2019-03-06,987.1799926757812
2019-03-07,981.530029296875
2019-03-08,974.5399780273438
2019-03-11,974.760009765625
2019-03-12,978.219970703125
2019-03-13,987.010009765625
2019-03-14,995.1099853515625
2019-03-15,993.8200073242188
2019-03-18,1000.3499755859375
2019-03-19,1004.8400268554688
2019-03-20,1000.5499877929688
2019-03-21,1004.1500244140625
2019-03-22,988.8499755859375
2019-03-25,979.3499755859375
2019-03-26,982.5399780273438
2019-03-27,980.8499755859375
2019-03-28,979.6699829101562
2019-03-29,977.989990234375
2019-04-01,988.0499877929688
2019-04-02,994.2999877929688
2019-04-03,1001.1400146484375
2019-04-04,994.1699829101562
2019-04-05,1000.75
2019-04-08,1010.2100219726562
2019-04-09,1000.5599975585938
2019-04-10,1005.5700073242188
2019-04-11,1004.280029296875
2019-04-12,1005.52001953125
2019-04-15,1009.5599975585938
2019-04-16,1007.2899780273438
2019-04-17,1010.72998046875
2019-04-23,1016.97998046875
2019-04-24,1012.4600219726562
2019-04-25,1004.5499877929688
2019-04-26,1000.5
2019-04-29,999.3699951171875
2019-04-30,998.5399780273438
2019-05-02,991.7999877929688
2019-05-03,994.6599731445312
2019-05-06,985.989990234375
2019-05-07,981.5499877929688
2019-05-08,984.1099853515625
2019-05-09,968.4299926757812
2019-05-10,980.8499755859375
2019-05-13,970.75
2019-05-14,974.0700073242188
2019-05-15,975.5900268554688
2019-05-16,993.280029296875
2019-05-20,995.8099975585938
2019-05-21,999.489990234375
2019-05-22,999.25
2019-05-23,973.9000244140625
2019-05-24,980.3300170898438
2019-05-27,979.510009765625
2019-05-28,975.47998046875
2019-05-29,953.97998046875
2019-05-31,954.5499877929688
2019-06-03,965.2999877929688
2019-06-04,961.4400024414062
2019-06-05,962.4099731445312
2019-06-06,963.22998046875
2019-06-07,970.2899780273438
2019-06-11,977.3400268554688
2019-06-12,960.5
2019-06-13,959.739990234375
2019-06-14,961.9600219726562
2019-06-17,956.0900268554688
2019-06-18,967.75
2019-06-19,965.8699951171875
2019-06-20,973.5700073242188
2019-06-21,975.3699951171875
2019-06-24,972.6300048828125
2019-06-25,963.6799926757812
2019-06-26,964.3900146484375
2019-06-27,967.2100219726562
2019-06-28,966.9000244140625
2019-07-01,984.27001953125
2019-07-02,981.969970703125
2019-07-03,982.6500244140625
2019-07-04,990.3599853515625
2019-07-05,987.8099975585938
2019-07-08,994.7100219726562
2019-07-09,986.1099853515625
2019-07-10,987.2100219726562
2019-07-11,989.5499877929688
2019-07-12,988.0399780273438
2019-07-15,986.3599853515625
2019-07-16,976.8300170898438
2019-07-17,967.5700073242188
2019-07-18,959.6099853515625
2019-07-19,961.4500122070312
2019-07-22,964.489990234375
2019-07-23,974.1199951171875
2019-07-24,971.5499877929688
2019-07-25,960.9000244140625
2019-07-26,965.52001953125
2019-07-29,962.27001953125
2019-07-30,948.1900024414062
2019-07-31,957.1799926757812
2019-08-01,959.6599731445312
2019-08-02,949.260009765625
2019-08-05,928.0399780273438
2019-08-06,929.6799926757812
2019-08-07,920.9000244140625
2019-08-08,933.3900146484375
2019-08-09,928.4000244140625
2019-08-12,924.6300048828125
2019-08-13,933.9400024414062
2019-08-14,911.0
2019-08-15,905.4600219726562
2019-08-16,913.7899780273438
2019-08-19,930.3800048828125
2019-08-20,929.3699951171875
2019-08-21,937.3499755859375
2019-08-22,938.02001953125
2019-08-23,932.1799926757812
2019-08-26,924.3300170898438
2019-08-27,931.8900146484375
2019-08-28,932.1599731445312
2019-08-29,945.5599975585938
2019-08-30,955.6099853515625
2019-09-02,954.0399780273438
2019-09-03,943.280029296875
2019-09-04,951.969970703125
2019-09-05,975.77001953125
2019-09-06,965.9500122070312
2019-09-09,967.6400146484375
2019-09-10,975.1400146484375
2019-09-11,989.239990234375
2019-09-12,984.5
2019-09-13,992.1500244140625
2019-09-16,1008.5399780273438
2019-09-17,995.8599853515625
2019-09-18,1004.9600219726562
2019-09-19,1005.280029296875
2019-09-20,1011.1300048828125
2019-09-23,1002.6599731445312
2019-09-24,995.1099853515625
2019-09-25,981.4600219726562
2019-09-26,982.1300048828125
2019-09-27,985.8900146484375
2019-09-30,987.8800048828125
2019-10-01,988.489990234375
2019-10-02,967.1400146484375
2019-10-03,952.77001953125
2019-10-04,966.5
2019-10-07,982.02001953125
2019-10-08,970.5900268554688
2019-10-09,969.4400024414062
2019-10-10,978.3599853515625
2019-10-11,987.1400146484375
2019-10-14,974.3800048828125
2019-10-15,978.4500122070312
2019-10-16,984.0399780273438
2019-10-17,989.5599975585938
2019-10-18,987.8499755859375
2019-10-21,993.280029296875
2019-10-22,994.5900268554688
2019-10-23,987.719970703125
2019-10-24,1004.3900146484375
2019-10-25,1000.47998046875
2019-10-28,1008.5
2019-10-29,1004.1500244140625
2019-10-30,1002.4600219726562
2019-10-31,993.6599731445312
2019-11-01,1001.6500244140625
2019-11-04,1006.5599975585938
2019-11-05,1007.1900024414062
2019-11-06,1007.9500122070312
2019-11-07,1015.7899780273438
2019-11-08,1012.5800170898438
2019-11-11,1014.8900146484375
2019-11-12,1012.9299926757812
2019-11-13,1004.6900024414062
2019-11-14,1004.8400268554688
2019-11-15,1000.9099731445312
2019-11-18,999.52001953125
2019-11-19,1000.0900268554688
2019-11-20,996.2100219726562
2019-11-21,997.1599731445312
2019-11-22,1007.77001953125
2019-11-25,1012.3200073242188
2019-11-26,1008.0
2019-11-27,1009.6199951171875
2019-11-28,1005.280029296875
2019-11-29,998.0499877929688
2019-12-02,986.6199951171875
2019-12-03,976.77001953125
2019-12-04,992.4600219726562
2019-12-05,991.489990234375
2019-12-06,1001.8699951171875
2019-12-09,1002.8599853515625
2019-12-10,998.6900024414062
2019-12-11,994.5700073242188
2019-12-12,999.3200073242188
2019-12-13,1006.469970703125
2019-12-16,1010.510009765625
2019-12-17,1011.1900024414062
2019-12-18,1013.8800048828125
2019-12-19,1020.4500122070312
2019-12-20,1027.050048828125
2019-12-23,1035.72998046875
2019-12-27,1034.8699951171875
2019-12-30,1032.239990234375
2020-01-02,1043.300048828125
2020-01-03,1047.3299560546875
2020-01-06,1047.1600341796875
2020-01-07,1043.780029296875
2020-01-08,1045.31005859375
2020-01-09,1043.8599853515625
2020-01-10,1046.1099853515625
2020-01-13,1047.239990234375
2020-01-14,1044.0699462890625
2020-01-15,1041.010009765625
2020-01-16,1042.949951171875
2020-01-17,1053.510009765625
2020-01-20,1053.3900146484375
2020-01-21,1046.93994140625
2020-01-22,1050.0999755859375
2020-01-23,1035.0699462890625
2020-01-24,1044.3699951171875
2020-01-27,1023.0800170898438
2020-01-28,1027.4200439453125
2020-01-29,1026.3900146484375
2020-01-30,1016.6699829101562
2020-01-31,1011.6599731445312
2020-02-03,1011.4000244140625
2020-02-04,1014.8599853515625
2020-02-05,1030.949951171875
2020-02-06,1032.9599609375
2020-02-07,1013.6699829101562
2020-02-10,1002.3099975585938
2020-02-11,1017.3800048828125
2020-02-12,1023.760009765625
2020-02-13,1017.989990234375
2020-02-14,1020.4199829101562
2020-02-17,1019.47998046875
2020-02-18,1017.8900146484375
2020-02-19,1026.3599853515625
2020-02-20,1033.18994140625
2020-02-21,1026.199951171875
2020-02-24,982.6799926757812
2020-02-25,980.5700073242188
2020-02-26,972.47998046875
2020-02-27,926.0900268554688
2020-02-28,912.7899780273438
2020-03-02,919.030029296875
2020-03-03,947.25
2020-03-04,947.1099853515625
2020-03-05,926.3900146484375
2020-03-06,884.8699951171875
2020-03-09,802.010009765625
2020-03-10,803.72998046875
2020-03-11,775.2999877929688
2020-03-12,705.010009765625
2020-03-13,730.989990234375
2020-03-16,691.0499877929688
2020-03-17,699.0599975585938
2020-03-18,687.0399780273438
2020-03-19,718.780029296875
2020-03-20,725.0599975585938
2020-03-23,688.780029296875
2020-03-24,730.219970703125
2020-03-25,745.7999877929688
2020-03-26,754.8099975585938
2020-03-27,727.8800048828125
2020-03-30,749.9600219726562
2020-03-31,778.3099975585938
2020-04-01,791.3099975585938
2020-04-02,788.7100219726562
2020-04-03,788.1099853515625
2020-04-06,803.0800170898438
2020-04-07,818.2000122070312
2020-04-08,809.8099975585938
2020-04-14,828.2100219726562
2020-04-15,805.469970703125
2020-04-16,793.5599975585938
2020-04-17,815.9199829101562
2020-04-20,809.1099853515625
2020-04-21,792.8400268554688
2020-04-22,807.6199951171875
2020-04-23,820.0499877929688
2020-04-24,808.6699829101562
2020-04-27,812.6400146484375
2020-04-28,826.0800170898438
2020-04-29,845.0
2020-04-30,848.52001953125
2020-05-04,820.6799926757812
2020-05-05,833.719970703125
2020-05-06,819.7999877929688
2020-05-07,830.219970703125
2020-05-08,845.6799926757812
2020-05-11,840.2899780273438
2020-05-12,845.5399780273438
2020-05-13,831.5700073242188
2020-05-14,808.8400268554688
2020-05-15,827.75
2020-05-18,849.0999755859375
2020-05-19,858.0900268554688
2020-05-20,869.1900024414062
2020-05-22,855.75
2020-05-25,874.239990234375
2020-05-26,886.260009765625
2020-05-27,888.27001953125
2020-05-28,885.8800048828125
2020-05-29,872.219970703125
2020-06-02,892.2999877929688
2020-06-03,909.2100219726562
2020-06-04,910.760009765625
2020-06-05,931.780029296875
2020-06-08,942.3200073242188
2020-06-09,923.22998046875
2020-06-10,921.22998046875
2020-06-11,890.9000244140625
2020-06-12,897.719970703125
2020-06-15,879.4099731445312
2020-06-16,903.719970703125
2020-06-17,896.6900024414062
2020-06-18,888.7100219726562
2020-06-19,892.1699829101562
2020-06-22,883.3400268554688
2020-06-23,890.8400268554688
2020-06-24,880.4199829101562
2020-06-25,877.0
2020-06-26,869.719970703125
2020-06-29,874.8200073242188
2020-06-30,869.0800170898438
2020-07-01,877.5700073242188
2020-07-02,883.4099731445312
2020-07-03,876.3800048828125
2020-07-06,884.5900268554688
2020-07-07,883.8800048828125
2020-07-08,884.77001953125
2020-07-09,874.97998046875
2020-07-10,876.260009765625
2020-07-13,895.4400024414062
2020-07-14,899.6799926757812
2020-07-15,916.7899780273438
2020-07-16,913.5900268554688
2020-07-17,920.1699829101562
2020-07-20,923.9600219726562
2020-07-21,935.8200073242188
2020-07-22,927.8800048828125
2020-07-23,922.260009765625
2020-07-24,921.3099975585938
2020-07-27,919.2899780273438
2020-07-28,917.1599731445312
2020-07-29,919.47998046875
2020-07-30,895.77001953125
2020-07-31,901.739990234375
2020-08-03,917.6500244140625
2020-08-04,924.780029296875
2020-08-05,935.280029296875
2020-08-06,935.52001953125
2020-08-07,933.780029296875
2020-08-10,935.9299926757812
2020-08-11,951.6900024414062
2020-08-12,957.25
2020-08-13,959.02001953125
2020-08-14,950.9400024414062
2020-08-17,950.5800170898438
2020-08-18,944.72998046875
2020-08-19,945.780029296875
2020-08-20,939.3400268554688
2020-08-21,938.5599975585938
2020-08-24,955.3499755859375
2020-08-25,952.22998046875
2020-08-26,949.219970703125
2020-08-27,946.3200073242188
2020-08-28,940.8599853515625
2020-08-31,937.0
2020-09-01,936.6199951171875
2020-09-02,932.72998046875
2020-09-03,928.8699951171875
2020-09-04,920.969970703125
2020-09-07,930.0700073242188
2020-09-08,914.77001953125
2020-09-09,932.47998046875
2020-09-10,930.969970703125
2020-09-11,933.969970703125
2020-09-14,931.47998046875
2020-09-15,941.489990234375
2020-09-16,944.2899780273438
2020-09-17,947.9099731445312
2020-09-18,948.3200073242188
2020-09-21,915.5
2020-09-22,927.0499877929688
2020-09-23,928.2899780273438
2020-09-24,918.6400146484375
2020-09-25,917.4199829101562
2020-09-28,929.8400268554688
2020-09-29,926.4299926757812
2020-09-30,929.8499755859375
2020-10-01,925.1500244140625
2020-10-02,925.3699951171875
2020-10-05,943.02001953125
2020-10-06,952.8599853515625
2020-10-07,945.739990234375
2020-10-08,953.5599975585938
2020-10-09,952.0399780273438
2020-10-12,951.7000122070312
2020-10-13,950.3099975585938
2020-10-14,953.6099853515625
2020-10-15,937.8400268554688
2020-10-16,947.5499877929688
2020-10-19,947.260009765625
2020-10-20,940.5
2020-10-21,923.4099731445312
2020-10-22,913.5599975585938
2020-10-23,925.5
2020-10-26,897.3300170898438
2020-10-27,889.4099731445312
2020-10-28,862.010009765625
2020-10-29,872.9500122070312
2020-10-30,874.4199829101562
2020-11-02,887.969970703125
2020-11-03,893.6500244140625
2020-11-04,905.510009765625
2020-11-05,909.719970703125
2020-11-06,908.8499755859375
2020-11-09,950.6799926757812
2020-11-10,947.489990234375
2020-11-11,958.1099853515625
2020-11-12,958.1599731445312
2020-11-13,959.72998046875
2020-11-16,979.27001953125
2020-11-17,978.3800048828125
2020-11-18,983.5399780273438
2020-11-19,973.3900146484375
2020-11-20,979.0900268554688
2020-11-23,990.4500122070312
2020-11-24,1009.4000244140625
2020-11-25,1006.72998046875
2020-11-26,1006.8800048828125
2020-11-27,1017.3699951171875
2020-11-30,999.8800048828125
2020-12-01,1004.9199829101562
2020-12-02,998.1199951171875
2020-12-03,997.489990234375
2020-12-04,1009.3699951171875
2020-12-07,1005.75
2020-12-08,1006.260009765625
2020-12-09,1017.7899780273438
2020-12-10,1017.9099731445312
2020-12-11,1013.280029296875
2020-12-14,1012.4299926757812
2020-12-15,1011.5499877929688
2020-12-16,1016.3900146484375
2020-12-17,1018.2100219726562
2020-12-18,1026.72998046875
2020-12-21,1001.1400146484375
2020-12-22,1012.239990234375
2020-12-23,1026.8299560546875
2020-12-28,1040.4599609375
2020-12-29,1043.93994140625
2020-12-30,1047.5899658203125
2021-01-05,1039.9200439453125
2021-01-06,1054.3199462890625
2021-01-07,1071.1700439453125
2021-01-11,1071.280029296875
2021-01-12,1082.4100341796875
2021-01-13,1074.1500244140625
2021-01-14,1084.1500244140625
2021-01-15,1072.6400146484375
2021-01-18,1080.1800537109375
2021-01-19,1093.1600341796875
2021-01-20,1092.18994140625
2021-01-21,1088.93994140625
2021-01-25,1066.449951171875
2021-01-26,1059.9000244140625
2021-01-27,1042.97998046875
2021-01-28,1044.8299560546875
2021-01-29,1047.2900390625
2021-02-01,1052.6700439453125
2021-02-02,1067.760009765625
2021-02-03,1076.75
2021-02-04,1081.02001953125
2021-02-05,1080.280029296875
2021-02-08,1084.6500244140625
2021-02-09,1079.1199951171875
2021-02-10,1076.2900390625
2021-02-11,1080.7099609375
2021-02-12,1075.72998046875
2021-02-16,1086.4200439453125
2021-02-18,1066.219970703125
2021-02-19,1078.969970703125
2021-02-22,1089.93994140625
2021-02-23,1094.25
2021-02-24,1104.25
2021-02-25,1119.6800537109375
2021-02-26,1096.280029296875
2021-03-01,1119.0
2021-03-02,1122.0899658203125
2021-03-04,1119.280029296875
2021-03-05,1136.0400390625
2021-03-08,1140.8199462890625
2021-03-09,1148.8299560546875
2021-03-10,1156.9200439453125
2021-03-11,1159.719970703125
2021-03-12,1159.0799560546875
2021-03-15,1162.449951171875
2021-03-16,1157.6700439453125
2021-03-17,1153.8599853515625
2021-03-18,1153.0699462890625
2021-03-19,1146.1099853515625
2021-03-22,1147.8299560546875
2021-03-23,1134.6700439453125
2021-03-24,1138.9000244140625
2021-03-25,1124.0799560546875
2021-03-26,1143.1099853515625
2021-03-29,1148.530029296875
2021-03-30,1145.25
2021-03-31,1146.52001953125
2021-04-06,1160.719970703125
2021-04-07,1155.219970703125
2021-04-08,1150.3800048828125
2021-04-09,1147.3699951171875
2021-04-12,1141.56005859375
2021-04-13,1148.300048828125
2021-04-14,1149.8299560546875
2021-04-15,1158.0799560546875
2021-04-16,1168.68994140625
2021-04-19,1161.8599853515625
2021-04-20,1143.199951171875
2021-04-21,1137.6700439453125
2021-04-22,1149.3800048828125
2021-04-23,1154.1500244140625
2021-04-26,1165.8499755859375
2021-04-27,1164.6500244140625
2021-04-28,1174.239990234375
2021-04-29,1174.969970703125
2021-04-30,1160.1099853515625
2021-05-03,1166.97998046875
2021-05-04,1160.3699951171875
2021-05-06,1158.27001953125
2021-05-07,1177.4200439453125
2021-05-10,1175.6400146484375
2021-05-12,1150.18994140625
2021-05-14,1153.81005859375
2021-05-18,1164.4000244140625
2021-05-19,1143.780029296875
2021-05-20,1161.02001953125
2021-05-21,1180.739990234375
2021-05-26,1174.1300048828125
2021-05-27,1183.0400390625
2021-05-28,1197.0799560546875
2021-06-01,1211.4000244140625
2021-06-02,1214.3399658203125
2021-06-03,1215.5400390625
2021-06-04,1223.25
2021-06-07,1221.43994140625
2021-06-08,1217.1500244140625
2021-06-09,1218.1600341796875
2021-06-10,1215.6400146484375
2021-06-11,1217.72998046875
2021-06-14,1228.0
2021-06-15,1217.510009765625
2021-06-16,1215.02001953125
2021-06-17,1206.050048828125
2021-06-18,1187.7099609375
2021-06-21,1198.989990234375
2021-06-22,1206.780029296875
2021-06-23,1215.1300048828125
2021-06-24,1214.6700439453125
2021-06-25,1223.5699462890625
2021-06-28,1210.4100341796875
2021-06-29,1210.6400146484375
2021-06-30,1203.1099853515625
2021-07-01,1213.97998046875
2021-07-02,1217.8199462890625
2021-07-06,1222.6199951171875
2021-07-07,1215.199951171875
2021-07-08,1195.3699951171875
2021-07-09,1209.2099609375
2021-07-12,1217.5
2021-07-13,1216.780029296875
2021-07-14,1225.6800537109375
2021-07-15,1215.02001953125
2021-07-16,1204.02001953125
2021-07-19,1175.219970703125
2021-07-20,1189.47998046875
2021-07-21,1203.3499755859375
2021-07-22,1203.0400390625
2021-07-23,1202.3900146484375
2021-07-26,1210.31005859375
2021-07-27,1204.8599853515625
2021-07-28,1202.25
2021-07-29,1209.0699462890625
2021-07-30,1204.6700439453125
2021-08-02,1214.6199951171875
2021-08-03,1213.27001953125
2021-08-04,1219.56005859375
2021-08-05,1220.8699951171875
2021-08-06,1220.949951171875
2021-08-09,1222.6199951171875
2021-08-10,1229.199951171875
2021-08-11,1230.9000244140625
2021-08-12,1236.5899658203125
2021-08-13,1238.27001953125
2021-08-16,1227.02001953125
2021-08-17,1231.3299560546875
2021-08-18,1233.969970703125
2021-08-19,1213.9599609375
2021-08-20,1214.52001953125
2021-08-23,1233.1700439453125
2021-08-24,1235.6700439453125
2021-08-25,1242.6500244140625
2021-08-26,1243.989990234375
2021-08-27,1248.7900390625
2021-08-30,1244.6300048828125
2021-08-31,1226.81005859375
2021-09-01,1235.5799560546875
2021-09-02,1255.1800537109375
2021-09-03,1247.530029296875
2021-09-06,1263.5799560546875
2021-09-07,1256.2099609375
2021-09-08,1252.739990234375
2021-09-09,1242.3299560546875
2021-09-10,1241.260009765625
2021-09-13,1240.7099609375
2021-09-14,1238.93994140625
2021-09-15,1247.050048828125
2021-09-16,1245.1099853515625
2021-09-17,1236.22998046875
2021-09-20,1207.8800048828125
2021-09-21,1213.4200439453125
2021-09-22,1237.280029296875
2021-09-23,1252.52001953125
2021-09-24,1252.25
2021-09-27,1258.4100341796875
2021-09-28,1255.219970703125
2021-09-29,1257.75
2021-09-30,1270.8299560546875
2021-10-01,1275.97998046875
2021-10-04,1282.6400146484375
2021-10-05,1288.260009765625
2021-10-06,1263.989990234375
2021-10-07,1266.77001953125
2021-10-08,1277.6099853515625
2021-10-11,1283.489990234375
2021-10-12,1285.719970703125
2021-10-13,1294.47998046875
2021-10-14,1309.699951171875
2021-10-15,1308.0
2021-10-18,1317.1700439453125
2021-10-19,1320.0699462890625
2021-10-20,1333.2900390625
2021-10-21,1329.27001953125
2021-10-22,1330.4200439453125
2021-10-25,1331.9300537109375
2021-10-26,1331.1300048828125
2021-10-27,1321.8900146484375
2021-10-28,1304.760009765625
2021-10-29,1292.530029296875
2021-11-01,1313.9000244140625
2021-11-02,1307.6300048828125
2021-11-03,1317.9000244140625
2021-11-04,1330.8199462890625
2021-11-05,1343.239990234375
2021-11-08,1352.6600341796875
2021-11-09,1348.219970703125
2021-11-10,1348.0899658203125
2021-11-11,1346.280029296875
2021-11-12,1343.8900146484375
2021-11-15,1344.4599609375
2021-11-16,1352.780029296875
2021-11-17,1350.1500244140625
2021-11-18,1330.68994140625
2021-11-19,1331.739990234375
2021-11-22,1336.0400390625
2021-11-23,1329.530029296875
2021-11-24,1325.43994140625
2021-11-25,1324.6199951171875
2021-11-26,1282.0799560546875
2021-11-29,1300.9000244140625
2021-11-30,1298.050048828125
2021-12-01,1304.739990234375
2021-12-02,1294.9000244140625
2021-12-03,1288.510009765625
2021-12-06,1284.3599853515625
2021-12-07,1318.9100341796875
2021-12-08,1315.8399658203125
2021-12-09,1303.6300048828125
2021-12-10,1297.4100341796875
2021-12-13,1291.3699951171875
2021-12-14,1270.27001953125
2021-12-15,1261.3599853515625
2021-12-16,1289.800048828125
2021-12-17,1277.7099609375
2021-12-20,1267.2099609375
2021-12-21,1294.8299560546875
2021-12-22,1293.3399658203125
2021-12-23,1299.8699951171875
2021-12-27,1304.43994140625
2021-12-28,1310.3800048828125
2021-12-29,1308.5699462890625
2021-12-30,1307.68994140625
2022-01-03,1320.050048828125
2022-01-04,1325.8599853515625
2022-01-05,1335.8299560546875
2022-01-06,1322.6600341796875
2022-01-07,1324.1500244140625
2022-01-10,1305.25
2022-01-11,1309.1500244140625
2022-01-12,1327.5899658203125
2022-01-13,1325.3199462890625
2022-01-14,1329.780029296875
2022-01-17,1327.52001953125
2022-01-18,1323.3699951171875
2022-01-19,1308.6800537109375
2022-01-20,1310.5400390625
2022-01-21,1282.25
2022-01-24,1238.75
2022-01-25,1248.550048828125
2022-01-26,1287.550048828125
2022-01-27,1284.4000244140625
2022-01-28,1269.280029296875
2022-01-31,1276.699951171875
2022-02-01,1291.5
2022-02-02,1299.1400146484375
2022-02-03,1287.0799560546875
2022-02-04,1296.0
2022-02-07,1308.0400390625
2022-02-08,1292.3699951171875
2022-02-09,1310.8199462890625
2022-02-10,1316.7099609375
2022-02-11,1325.4200439453125
2022-02-14,1308.4599609375
2022-02-15,1294.1500244140625
2022-02-16,1309.7900390625
2022-02-17,1307.0899658203125
2022-02-18,1295.5899658203125
2022-02-21,1295.530029296875
2022-02-22,1295.9200439453125
2022-02-23,1306.7900390625
2022-02-24,1301.510009765625
2022-02-25,1305.2900390625
2022-02-28,1323.239990234375
2022-03-01,1355.27001953125
2022-03-02,1368.2900390625
2022-03-03,1347.739990234375
2022-03-04,1329.1600341796875
2022-03-07,1320.18994140625
2022-03-08,1326.72998046875
2022-03-09,1326.7900390625
2022-03-10,1326.0400390625
2022-03-11,1323.8699951171875
2022-03-14,1326.56005859375
2022-03-15,1305.199951171875
2022-03-16,1340.6099853515625
2022-03-17,1361.68994140625
2022-03-18,1367.7900390625
2022-03-21,1402.3299560546875
2022-03-22,1406.1400146484375
2022-03-23,1408.6700439453125
2022-03-24,1404.969970703125
2022-03-25,1413.5799560546875
2022-03-28,1413.219970703125
2022-03-29,1390.9100341796875
2022-03-30,1428.1800537109375
2022-03-31,1418.989990234375
2022-04-01,1426.6700439453125
2022-04-04,1420.47998046875
2022-04-05,1422.239990234375
2022-04-06,1419.2099609375
2022-04-07,1412.219970703125
2022-04-08,1436.219970703125
2022-04-11,1417.0899658203125
2022-04-12,1422.530029296875
2022-04-13,1445.47998046875
2022-04-19,1439.68994140625
2022-04-20,1440.0799560546875
2022-04-21,1444.8900146484375
2022-04-22,1421.1400146484375
2022-04-25,1375.760009765625
2022-04-26,1375.199951171875
2022-04-27,1393.4100341796875
2022-04-28,1384.469970703125
2022-04-29,1392.739990234375
2022-05-02,1368.1400146484375
2022-05-03,1384.9300537109375
2022-05-04,1399.6500244140625
2022-05-05,1394.43994140625
2022-05-06,1374.52001953125
2022-05-09,1330.0699462890625
2022-05-10,1329.5899658203125
2022-05-11,1350.300048828125
2022-05-12,1346.239990234375
2022-05-13,1374.0899658203125
2022-05-16,1381.1800537109375
2022-05-18,1406.949951171875
2022-05-19,1387.52001953125
2022-05-20,1405.3399658203125
2022-05-23,1414.25
2022-05-24,1411.97998046875
2022-05-25,1438.3399658203125
2022-05-27,1453.469970703125
2022-05-30,1453.739990234375
2022-05-31,1472.8900146484375
2022-06-01,1451.219970703125
2022-06-02,1447.199951171875
2022-06-03,1450.780029296875
2022-06-07,1459.6400146484375
2022-06-08,1459.449951171875
2022-06-09,1448.530029296875
2022-06-10,1418.9300537109375
2022-06-13,1371.280029296875
2022-06-14,1399.8900146484375
2022-06-15,1405.8199462890625
2022-06-16,1371.5799560546875
2022-06-17,1376.199951171875
2022-06-20,1393.1400146484375
2022-06-21,1376.6400146484375
2022-06-22,1334.4300537109375
2022-06-23,1322.0
2022-06-24,1326.8900146484375
2022-06-27,1352.6700439453125
2022-06-28,1380.9200439453125
2022-06-29,1374.8499755859375
2022-06-30,1341.4000244140625
2022-07-01,1326.5799560546875
2022-07-04,1368.5400390625
2022-07-05,1335.1400146484375
2022-07-06,1317.1700439453125
2022-07-07,1359.47998046875
2022-07-08,1350.1500244140625
2022-07-11,1360.5
2022-07-12,1354.81005859375
2022-07-13,1343.31005859375
2022-07-14,1305.8900146484375
2022-07-15,1317.199951171875
2022-07-18,1357.719970703125
2022-07-19,1359.0799560546875
2022-07-20,1371.0999755859375
2022-07-21,1340.300048828125
2022-07-22,1363.8900146484375
2022-07-25,1363.4200439453125
2022-07-26,1376.93994140625
2022-07-27,1381.219970703125
2022-07-28,1390.06005859375
2022-07-29,1423.3299560546875
2022-08-01,1408.199951171875
2022-08-02,1415.1600341796875
2022-08-03,1415.6800537109375
2022-08-04,1401.969970703125
2022-08-05,1407.469970703125
2022-08-08,1406.7099609375
2022-08-09,1423.02001953125
2022-08-10,1411.530029296875
2022-08-11,1437.8699951171875
2022-08-12,1432.969970703125
2022-08-15,1417.6099853515625
2022-08-16,1438.8199462890625
2022-08-17,1427.1199951171875
2022-08-18,1440.1700439453125
2022-08-19,1446.75
2022-08-22,1446.31005859375
2022-08-23,1469.8499755859375
2022-08-24,1476.4200439453125
2022-08-25,1476.3699951171875
2022-08-26,1473.3499755859375
2022-08-29,1457.6800537109375
2022-08-30,1434.7900390625
2022-08-31,1434.5400390625
2022-09-01,1422.8900146484375
2022-09-02,1427.1800537109375
2022-09-05,1447.5699462890625
2022-09-06,1393.7099609375
2022-09-07,1355.3699951171875
2022-09-08,1360.3900146484375
2022-09-09,1382.5799560546875
2022-09-12,1394.8800048828125
2022-09-13,1395.8599853515625
2022-09-14,1394.260009765625
2022-09-15,1383.3800048828125
2022-09-16,1353.0699462890625
2022-09-19,1340.3399658203125
2022-09-20,1328.8499755859375
2022-09-21,1336.93994140625
2022-09-22,1333.22998046875
2022-09-23,1275.27001953125
2022-09-26,1282.260009765625
2022-09-27,1297.2900390625
2022-09-28,1268.510009765625
2022-09-29,1247.0699462890625
2022-09-30,1274.1400146484375
2022-10-03,1309.27001953125
2022-10-04,1321.760009765625
2022-10-05,1314.280029296875
2022-10-06,1317.010009765625
2022-10-07,1322.6300048828125
2022-10-10,1317.4100341796875
2022-10-11,1294.6400146484375
2022-10-12,1283.2099609375
2022-10-13,1300.72998046875
2022-10-14,1289.77001953125
2022-10-17,1302.239990234375
2022-10-18,1310.489990234375
2022-10-19,1308.760009765625
2022-10-20,1319.6500244140625
2022-10-21,1307.780029296875
2022-10-24,1306.8900146484375
2022-10-25,1311.3399658203125
2022-10-26,1328.780029296875
2022-10-27,1348.1400146484375
2022-10-28,1349.4100341796875
2022-10-31,1362.68994140625
2022-11-01,1382.47998046875
2022-11-02,1380.5799560546875
2022-11-03,1387.699951171875
2022-11-04,1399.4200439453125
2022-11-07,1403.8800048828125
2022-11-08,1393.030029296875
2022-11-09,1382.969970703125
2022-11-10,1376.02001953125
2022-11-11,1380.6099853515625
2022-11-14,1384.0699462890625
2022-11-15,1385.75
2022-11-16,1376.43994140625
2022-11-17,1359.8399658203125
2022-11-18,1350.43994140625
2022-11-21,1340.1199951171875
2022-11-22,1369.5
2022-11-23,1378.050048828125
2022-11-24,1392.5999755859375
2022-11-25,1396.1600341796875
2022-11-28,1376.5699462890625
2022-11-29,1399.56005859375
2022-11-30,1404.6700439453125
2022-12-01,1403.550048828125
2022-12-02,1386.199951171875
2022-12-05,1389.3199462890625
2022-12-06,1376.760009765625
2022-12-07,1355.239990234375
2022-12-08,1364.550048828125
2022-12-09,1367.1700439453125
2022-12-12,1368.760009765625
2022-12-13,1392.9100341796875
2022-12-14,1377.0
2022-12-15,1370.6199951171875
2022-12-16,1353.489990234375
2022-12-19,1360.52001953125
2022-12-20,1360.81005859375
2022-12-21,1376.449951171875
2022-12-22,1373.8699951171875
2022-12-23,1378.0400390625
2022-12-27,1379.6500244140625
2022-12-28,1366.1500244140625
2022-12-29,1373.5799560546875
2022-12-30,1362.6800537109375
2023-01-02,1373.43994140625
2023-01-03,1350.4000244140625
2023-01-04,1324.9300537109375
2023-01-05,1334.5999755859375
2023-01-06,1348.4100341796875
2023-01-09,1357.47998046875
2023-01-10,1346.9599609375
2023-01-11,1345.1700439453125
2023-01-12,1358.47998046875
2023-01-13,1357.760009765625
2023-01-16,1348.8199462890625
2023-01-17,1361.72998046875
2023-01-18,1367.469970703125
2023-01-19,1348.7900390625
2023-01-20,1359.0699462890625
2023-01-23,1369.3499755859375
2023-01-24,1358.739990234375
2023-01-25,1341.4599609375
2023-01-26,1345.22998046875
2023-01-27,1366.300048828125
2023-01-30,1360.4200439453125
2023-01-31,1363.280029296875
2023-02-01,1375.56005859375
2023-02-02,1360.8599853515625
2023-02-03,1378.02001953125
2023-02-06,1365.780029296875
2023-02-07,1377.27001953125
2023-02-08,1415.93994140625
2023-02-09,1413.0400390625
2023-02-10,1418.239990234375
2023-02-13,1415.9300537109375
2023-02-14,1417.0699462890625
2023-02-15,1413.43994140625
2023-02-16,1417.030029296875
2023-02-17,1402.56005859375
2023-02-20,1407.02001953125
2023-02-21,1396.7099609375
2023-02-22,1388.18994140625
2023-02-23,1406.4000244140625
2023-02-24,1398.4200439453125
2023-02-27,1409.43994140625
2023-02-28,1413.18994140625
2023-03-01,1414.469970703125
2023-03-02,1424.6400146484375
2023-03-03,1428.1500244140625
2023-03-06,1427.0
2023-03-07,1418.4100341796875
2023-03-08,1415.68994140625
2023-03-09,1402.4200439453125
2023-03-10,1391.719970703125
2023-03-13,1354.0699462890625
2023-03-14,1370.8900146484375
2023-03-15,1315.0799560546875
2023-03-16,1313.3299560546875
2023-03-17,1309.4300537109375
2023-03-20,1321.72998046875
2023-03-21,1333.280029296875
2023-03-22,1335.1800537109375
2023-03-23,1332.4100341796875
2023-03-24,1293.449951171875
2023-03-27,1312.219970703125
2023-03-28,1316.280029296875
2023-03-29,1325.780029296875
2023-03-30,1342.489990234375
2023-03-31,1352.3199462890625
2023-04-03,1373.489990234375
2023-04-04,1364.8699951171875
2023-04-05,1358.8199462890625
2023-04-11,1372.780029296875
2023-04-12,1381.5899658203125
2023-04-13,1381.93994140625
2023-04-14,1388.3399658203125
2023-04-17,1394.1600341796875
2023-04-18,1392.93994140625
2023-04-19,1382.699951171875
2023-04-20,1377.77001953125
2023-04-21,1373.6099853515625
2023-04-24,1385.969970703125
2023-04-25,1369.6700439453125
2023-04-26,1367.81005859375
2023-04-27,1376.5799560546875
2023-04-28,1392.469970703125
2023-05-02,1369.4599609375
2023-05-03,1360.969970703125
2023-05-04,1347.8399658203125
2023-05-05,1371.4599609375
2023-05-08,1382.4599609375
2023-05-09,1369.050048828125
2023-05-10,1370.7900390625
2023-05-11,1367.6600341796875
2023-05-12,1382.0400390625
2023-05-15,1383.5699462890625
2023-05-16,1376.97998046875
2023-05-19,1392.9300537109375
2023-05-22,1386.6700439453125
2023-05-23,1396.5999755859375
2023-05-24,1390.52001953125
2023-05-25,1381.0799560546875
2023-05-26,1376.77001953125
2023-05-30,1368.6400146484375
2023-05-31,1354.43994140625
2023-06-01,1358.6600341796875
2023-06-02,1387.72998046875
2023-06-05,1391.530029296875
2023-06-06,1376.6300048828125
2023-06-07,1394.06005859375
2023-06-08,1395.4300537109375
2023-06-09,1402.800048828125
2023-06-12,1396.47998046875
2023-06-13,1421.47998046875
2023-06-14,1411.760009765625
2023-06-15,1411.3800048828125
2023-06-16,1420.050048828125
2023-06-19,1406.4300537109375
2023-06-20,1408.3900146484375
2023-06-21,1403.8499755859375
2023-06-22,1380.239990234375
2023-06-23,1366.449951171875
2023-06-26,1368.8199462890625
2023-06-27,1358.0899658203125
2023-06-28,1368.739990234375
2023-06-29,1380.43994140625
2023-06-30,1385.18994140625
2023-07-03,1397.0799560546875
2023-07-04,1399.9000244140625
2023-07-05,1387.6500244140625
2023-07-06,1365.989990234375
2023-07-07,1367.760009765625
2023-07-10,1370.6700439453125
2023-07-11,1374.0699462890625
2023-07-12,1384.8299560546875
2023-07-13,1380.52001953125
2023-07-14,1363.1600341796875
2023-07-17,1349.780029296875
2023-07-18,1367.22998046875
2023-07-19,1377.97998046875
2023-07-20,1392.52001953125
2023-07-21,1400.72998046875
2023-07-24,1410.6700439453125
2023-07-25,1414.199951171875
2023-07-26,1401.280029296875
2023-07-27,1411.3299560546875
2023-07-28,1405.6300048828125
2023-07-31,1417.75
2023-08-01,1418.530029296875
2023-08-02,1403.3800048828125
2023-08-03,1405.8199462890625
2023-08-04,1421.2099609375
2023-08-07,1411.260009765625
2023-08-08,1402.06005859375
2023-08-09,1441.8699951171875
2023-08-10,1438.25
2023-08-11,1445.550048828125
2023-08-14,1441.1600341796875
2023-08-15,1438.949951171875
2023-08-16,1443.6300048828125
2023-08-17,1441.4599609375
2023-08-18,1423.4100341796875
2023-08-21,1432.1800537109375
2023-08-22,1427.6700439453125
2023-08-23,1414.97998046875
2023-08-24,1414.4599609375
2023-08-25,1418.469970703125
2023-08-28,1434.969970703125
2023-08-29,1435.6700439453125
2023-08-30,1441.1700439453125
2023-08-31,1444.77001953125
2023-09-01,1458.9100341796875
2023-09-04,1461.010009765625
2023-09-05,1468.6099853515625
2023-09-06,1466.5999755859375
2023-09-07,1459.81005859375
2023-09-08,1465.6199951171875
2023-09-11,1473.969970703125
2023-09-12,1475.760009765625
2023-09-13,1472.9100341796875
2023-09-14,1500.75
2023-09-15,1502.9599609375
2023-09-18,1502.3900146484375
2023-09-19,1506.0
2023-09-20,1510.68994140625
2023-09-21,1498.449951171875
2023-09-22,1503.2099609375
2023-09-25,1486.43994140625
2023-09-26,1482.0699462890625
2023-09-27,1502.0400390625
2023-09-28,1496.0400390625
2023-09-29,1497.1500244140625
2023-10-02,1485.6800537109375
2023-10-03,1467.510009765625
2023-10-04,1447.219970703125
2023-10-05,1454.8599853515625
2023-10-06,1452.93994140625
2023-10-09,1490.5999755859375
2023-10-10,1509.280029296875
2023-10-11,1503.9300537109375
2023-10-12,1524.199951171875
2023-10-13,1529.760009765625
2023-10-16,1531.510009765625
2023-10-17,1531.550048828125
2023-10-18,1537.280029296875
2023-10-19,1516.1199951171875
2023-10-20,1499.72998046875
2023-10-23,1478.2099609375
2023-10-24,1488.81005859375
2023-10-25,1483.6199951171875
2023-10-26,1473.47998046875
2023-10-27,1488.3599853515625
2023-10-30,1493.22998046875
2023-10-31,1506.47998046875
2023-11-01,1509.3800048828125
2023-11-02,1520.1600341796875
2023-11-03,1509.8299560546875
2023-11-06,1518.550048828125
2023-11-07,1485.3599853515625
2023-11-08,1492.3299560546875
2023-11-09,1509.530029296875
2023-11-10,1506.97998046875
2023-11-13,1519.949951171875
2023-11-14,1526.949951171875
2023-11-15,1529.6300048828125
2023-11-16,1500.3699951171875
2023-11-17,1515.68994140625
2023-11-20,1528.5400390625
2023-11-21,1508.5400390625
2023-11-22,1503.0999755859375
2023-11-23,1527.43994140625
2023-11-24,1537.6099853515625
2023-11-27,1531.52001953125
2023-11-28,1518.780029296875
2023-11-29,1508.780029296875
2023-11-30,1523.6700439453125
2023-12-01,1521.3599853515625
2023-12-04,1502.8499755859375
2023-12-05,1502.8800048828125
2023-12-06,1500.56005859375
2023-12-07,1498.6099853515625
2023-12-08,1506.4599609375
2023-12-11,1509.52001953125
2023-12-12,1499.3800048828125
2023-12-13,1498.68994140625
2023-12-14,1514.4100341796875
2023-12-15,1504.4000244140625
2023-12-18,1523.1099853515625
2023-12-19,1510.5999755859375
2023-12-20,1510.8399658203125
2023-12-21,1505.5400390625
2023-12-22,1509.6099853515625
2023-12-27,1521.6700439453125
2023-12-28,1516.3399658203125
2023-12-29,1519.3199462890625
2024-01-02,1522.1500244140625
2024-01-03,1524.199951171875
2024-01-04,1543.43994140625
2024-01-05,1538.6700439453125
2024-01-08,1515.989990234375
2024-01-09,1516.2099609375
2024-01-10,1508.1400146484375
2024-01-11,1499.4599609375
2024-01-12,1513.3199462890625
2024-01-15,1496.9200439453125
2024-01-16,1496.68994140625
2024-01-17,1481.1400146484375
2024-01-18,1483.300048828125
2024-01-19,1484.8900146484375
2024-01-22,1483.1700439453125
2024-01-23,1489.5999755859375
2024-01-24,1490.8199462890625
2024-01-25,1491.530029296875
2024-01-26,1501.4000244140625
2024-01-29,1496.969970703125
2024-01-30,1491.050048828125
2024-01-31,1486.469970703125
2024-02-01,1490.3599853515625
2024-02-02,1480.7099609375
2024-02-05,1473.25
2024-02-06,1488.6600341796875
2024-02-07,1451.77001953125
2024-02-08,1440.550048828125
2024-02-09,1444.22998046875
2024-02-12,1455.6600341796875
2024-02-13,1441.699951171875
2024-02-14,1453.9100341796875
2024-02-15,1451.280029296875
2024-02-16,1463.5699462890625
2024-02-20,1461.9100341796875
2024-02-21,1459.3499755859375
2024-02-22,1463.6500244140625
2024-02-23,1460.030029296875
2024-02-26,1460.4599609375
2024-02-27,1456.9100341796875
2024-02-28,1463.010009765625
2024-02-29,1463.9300537109375
2024-03-01,1474.5
2024-03-04,1468.6300048828125
2024-03-05,1477.0799560546875
2024-03-06,1477.02001953125
2024-03-07,1474.5799560546875
2024-03-08,1482.0999755859375
2024-03-11,1469.1099853515625
2024-03-12,1480.800048828125
2024-03-13,1495.0999755859375
2024-03-14,1495.1700439453125
2024-03-15,1499.8199462890625
2024-03-18,1509.1600341796875
2024-03-19,1512.550048828125
2024-03-20,1512.4599609375
2024-03-21,1521.010009765625
2024-03-22,1530.56005859375
2024-03-25,1538.3699951171875
2024-03-26,1535.739990234375
2024-03-27,1541.530029296875
2024-04-02,1563.1600341796875
2024-04-03,1572.6700439453125
2024-04-04,1571.800048828125
2024-04-05,1574.3199462890625
2024-04-08,1571.3699951171875
2024-04-09,1572.6400146484375
2024-04-10,1577.5999755859375
2024-04-11,1580.1800537109375
2024-04-12,1606.7900390625
2024-04-15,1586.93994140625
2024-04-16,1567.739990234375
2024-04-17,1571.0699462890625
2024-04-18,1565.280029296875
2024-04-19,1563.6800537109375
2024-04-22,1561.4100341796875
2024-04-23,1561.800048828125
2024-04-24,1575.300048828125
2024-04-25,1582.949951171875
2024-04-26,1591.219970703125
2024-04-29,1591.260009765625
2024-04-30,1594.43994140625
2024-05-02,1580.9599609375
2024-05-03,1594.3399658203125
2024-05-06,1617.0699462890625
2024-05-07,1619.43994140625
2024-05-08,1624.5999755859375
2024-05-10,1649.7900390625
2024-05-13,1645.800048828125
2024-05-14,1646.9000244140625
2024-05-15,1636.530029296875
2024-05-16,1643.239990234375
2024-05-21,1655.260009765625
2024-05-22,1647.3499755859375
2024-05-23,1658.1099853515625
2024-05-24,1651.8299560546875
2024-05-27,1663.5400390625
2024-05-28,1660.699951171875
2024-05-29,1650.52001953125
2024-05-30,1654.530029296875
2024-05-31,1668.780029296875
2024-06-03,1671.4100341796875
2024-06-04,1637.219970703125
2024-06-05,1638.6600341796875
2024-06-06,1639.8199462890625
2024-06-07,1646.9599609375
2024-06-10,1643.719970703125
2024-06-11,1630.3399658203125
2024-06-12,1638.3499755859375
2024-06-13,1620.3299560546875
2024-06-14,1609.6400146484375
2024-06-17,1610.8299560546875
2024-06-18,1621.530029296875
2024-06-19,1623.1400146484375
2024-06-20,1630.0899658203125
2024-06-21,1627.280029296875
2024-06-24,1637.1099853515625
2024-06-25,1632.5899658203125
2024-06-26,1635.0999755859375
2024-06-27,1645.1400146484375
2024-06-28,1653.219970703125
2024-07-01,1660.22998046875
2024-07-02,1662.02001953125
2024-07-03,1661.7900390625
2024-07-04,1658.0999755859375
2024-07-05,1648.989990234375
2024-07-08,1634.3800048828125
2024-07-09,1626.3900146484375
2024-07-10,1630.97998046875
2024-07-11,1638.280029296875
2024-07-12,1657.43994140625
2024-07-15,1651.0999755859375
2024-07-16,1648.4100341796875
2024-07-17,1657.18994140625
2024-07-18,1671.1099853515625
2024-07-19,1667.469970703125
2024-07-22,1677.0899658203125
2024-07-23,1671.780029296875
2024-07-24,1664.5999755859375
2024-07-25,1649.22998046875
2024-07-26,1655.1099853515625
2024-07-29,1667.5999755859375
2024-07-30,1665.18994140625
2024-07-31,1684.4000244140625
2024-08-01,1676.02001953125
2024-08-02,1627.300048828125
2024-08-05,1573.68994140625
2024-08-06,1588.6199951171875
2024-08-07,1619.3199462890625
2024-08-08,1624.8299560546875
2024-08-09,1636.8199462890625
2024-08-12,1657.8399658203125
2024-08-13,1653.719970703125
2024-08-14,1664.3199462890625
2024-08-15,1664.239990234375
2024-08-16,1668.7900390625
2024-08-19,1675.25
2024-08-20,1650.06005859375
2024-08-21,1646.93994140625
2024-08-22,1643.5899658203125
2024-08-23,1654.550048828125
2024-08-26,1666.6400146484375
2024-08-27,1659.739990234375
2024-08-28,1652.510009765625
2024-08-29,1654.760009765625
2024-08-30,1660.52001953125
2024-09-02,1648.8699951171875
2024-09-03,1611.6300048828125
2024-09-04,1611.2900390625
2024-09-05,1606.3499755859375
2024-09-06,1597.68994140625
2024-09-09,1602.949951171875
2024-09-10,1587.6800537109375
2024-09-11,1590.8199462890625
2024-09-12,1606.5899658203125
2024-09-13,1621.5799560546875
2024-09-16,1624.239990234375
2024-09-17,1616.8699951171875
2024-09-18,1613.1199951171875
2024-09-19,1621.699951171875
2024-09-20,1617.949951171875
2024-09-23,1626.8900146484375
2024-09-24,1627.719970703125
2024-09-25,1617.5899658203125
2024-09-26,1602.699951171875
2024-09-27,1620.8399658203125
2024-09-30,1632.0699462890625
2024-10-01,1644.7099609375
2024-10-02,1664.949951171875
2024-10-03,1663.9000244140625
2024-10-04,1679.260009765625
2024-10-07,1667.300048828125
2024-10-08,1644.969970703125
2024-10-09,1648.7099609375
2024-10-10,1663.010009765625
2024-10-11,1669.93994140625
2024-10-14,1671.0899658203125
2024-10-15,1652.56005859375
2024-10-16,1657.0400390625
2024-10-17,1658.719970703125
2024-10-18,1647.489990234375
2024-10-21,1654.3599853515625
2024-10-22,1662.1600341796875
2024-10-23,1655.0699462890625
2024-10-24,1664.6500244140625
2024-10-25,1682.8399658203125
2024-10-28,1665.469970703125
2024-10-29,1666.2099609375
2024-10-30,1665.1700439453125
2024-10-31,1643.8599853515625
2024-11-01,1643.4200439453125
2024-11-04,1635.550048828125
2024-11-05,1641.9000244140625
2024-11-06,1615.0899658203125
2024-11-07,1623.760009765625
2024-11-08,1618.9300537109375
2024-11-11,1625.4100341796875
2024-11-12,1617.1700439453125
2024-11-13,1607.75
2024-11-14,1638.72998046875
2024-11-15,1660.239990234375
2024-11-18,1656.2900390625
2024-11-19,1658.8599853515625
2024-11-20,1671.6099853515625
2024-11-21,1686.9599609375
2024-11-22,1689.8399658203125
2024-11-25,1690.5799560546875
2024-11-26,1667.260009765625
2024-11-27,1673.4100341796875
2024-11-28,1673.280029296875
2024-11-29,1671.5999755859375
2024-12-02,1671.6099853515625
2024-12-03,1687.47998046875
2024-12-04,1689.6500244140625
2024-12-05,1687.0
2024-12-06,1662.43994140625
2024-12-09,1671.3299560546875
2024-12-10,1662.510009765625
2024-12-11,1662.260009765625
2024-12-12,1660.0799560546875
2024-12-13,1657.43994140625
2024-12-16,1638.9300537109375
2024-12-17,1623.3699951171875
2024-12-18,1619.4599609375
2024-12-19,1614.4200439453125
2024-12-20,1609.6199951171875
2024-12-23,1620.6099853515625
2024-12-27,1642.6099853515625
2024-12-30,1644.8299560546875
2025-01-02,1686.7099609375
2025-01-03,1693.1400146484375
2025-01-06,1690.699951171875
2025-01-07,1701.4300537109375
2025-01-08,1695.760009765625
2025-01-09,1701.969970703125
2025-01-10,1714.199951171875
2025-01-13,1714.5699462890625
2025-01-14,1708.989990234375
2025-01-15,1722.3800048828125
2025-01-16,1713.25
2025-01-17,1719.5400390625
2025-01-20,1714.77001953125
2025-01-21,1705.489990234375
2025-01-22,1709.2099609375
2025-01-23,1726.25
2025-01-24,1707.4300537109375
2025-01-27,1709.4300537109375
2025-01-28,1715.5699462890625
2025-01-29,1730.6800537109375
2025-01-30,1741.010009765625
2025-01-31,1736.72998046875
2025-02-03,1718.760009765625
2025-02-04,1733.5899658203125
2025-02-05,1718.9599609375
2025-02-06,1713.77001953125
2025-02-07,1700.8299560546875
2025-02-10,1706.6600341796875
2025-02-11,1730.18994140625
2025-02-12,1702.969970703125
2025-02-13,1699.5899658203125
2025-02-14,1705.6600341796875
2025-02-17,1706.4200439453125
2025-02-18,1708.56005859375
2025-02-19,1719.8699951171875
2025-02-20,1713.469970703125
2025-02-21,1720.2099609375
2025-02-24,1717.489990234375
2025-02-25,1711.0
2025-02-26,1718.8199462890625
2025-02-27,1710.449951171875
2025-02-28,1706.5999755859375
2025-03-03,1726.18994140625
2025-03-04,1672.739990234375
2025-03-05,1681.6500244140625
2025-03-06,1684.2900390625
2025-03-07,1704.8199462890625
2025-03-10,1704.5999755859375
2025-03-11,1692.02001953125
2025-03-12,1687.010009765625
2025-03-13,1713.260009765625
2025-03-14,1723.8399658203125
2025-03-17,1746.780029296875
2025-03-18,1756.7900390625
2025-03-19,1771.4000244140625
2025-03-20,1766.9200439453125
2025-03-21,1763.3699951171875
2025-03-24,1757.7900390625
2025-03-25,1762.6500244140625
2025-03-26,1776.3199462890625
2025-03-27,1766.489990234375
2025-03-28,1746.300048828125
2025-03-31,1750.0
2025-04-01,1752.22998046875
2025-04-02,1732.0400390625
2025-04-03,1691.9300537109375
2025-04-04,1606.8499755859375
2025-04-07,1598.56005859375
2025-04-08,1612.5799560546875
2025-04-09,1563.7900390625
2025-04-10,1609.5
2025-04-11,1617.0
2025-04-14,1647.550048828125
2025-04-15,1660.030029296875
2025-04-16,1660.7900390625
2025-04-22,1649.2099609375
2025-04-23,1663.47998046875
2025-04-24,1661.1400146484375
2025-04-25,1665.449951171875
2025-04-28,1677.3499755859375
2025-04-29,1683.699951171875
2025-04-30,1697.4200439453125
2025-05-02,1721.3399658203125
2025-05-05,1725.77001953125
2025-05-06,1722.4300537109375
2025-05-07,1723.4200439453125
2025-05-08,1726.6500244140625
2025-05-09,1720.93994140625
2025-05-12,1739.6800537109375
2025-05-13,1745.3599853515625
2025-05-14,1755.0899658203125
2025-05-15,1768.3399658203125
2025-05-16,1790.56005859375
2025-05-19,1780.760009765625
2025-05-20,1784.4100341796875
2025-05-21,1793.7099609375
2025-05-22,1767.1300048828125
2025-05-23,1770.9599609375
2025-05-26,1790.1300048828125
2025-05-27,1800.0699462890625
2025-05-28,1789.699951171875
2025-05-30,1784.06005859375
2025-06-02,1796.469970703125
2025-06-03,1796.6500244140625
2025-06-04,1808.6300048828125
2025-06-05,1810.8599853515625
2025-06-06,1814.27001953125
2025-06-10,1834.010009765625
2025-06-11,1846.9599609375
2025-06-12,1856.3599853515625
2025-06-13,1875.1099853515625
2025-06-16,1880.72998046875
2025-06-17,1887.8599853515625
2025-06-18,1888.489990234375
2025-06-19,1901.5999755859375
2025-06-20,1898.5
2025-06-23,1886.969970703125
2025-06-24,1847.030029296875
2025-06-25,1839.75
2025-06-26,1837.550048828125
2025-06-27,1847.5699462890625
2025-06-30,1861.1600341796875
2025-07-01,1848.1700439453125
2025-07-02,1860.6700439453125
2025-07-03,1873.699951171875
2025-07-04,1877.75
2025-07-07,1879.0899658203125
2025-07-08,1882.8599853515625
2025-07-09,1870.3800048828125
2025-07-10,1882.1199951171875
2025-07-11,1881.4300537109375
2025-07-14,1882.0699462890625
2025-07-15,1874.06005859375
2025-07-16,1861.3599853515625
2025-07-17,1863.300048828125
2025-07-18,1870.280029296875
2025-07-21,1857.56005859375
2025-07-22,1862.5999755859375
2025-07-23,1864.3199462890625
2025-07-24,1876.4599609375
2025-07-25,1863.8399658203125
2025-07-28,1878.3299560546875
2025-07-29,1889.9100341796875
2025-07-30,1875.8399658203125
2025-07-31,1880.27001953125
2025-08-01,1857.0699462890625
2025-08-04,1868.52001953125
2025-08-05,1876.25
2025-08-06,1880.0699462890625
2025-08-07,1871.8199462890625
2025-08-08,1872.3900146484375
2025-08-11,1858.3399658203125
2025-08-12,1872.1700439453125
2025-08-13,1873.7099609375
2025-08-14,1877.97998046875
2025-08-15,1879.9100341796875
2025-08-18,1877.989990234375
2025-08-19,1881.489990234375
2025-08-20,1892.5999755859375
2025-08-21,1907.239990234375
2025-08-22,1915.6500244140625
2025-08-25,1912.1800537109375
2025-08-26,1909.27001953125
2025-08-27,1896.800048828125
2025-08-28,1884.9300537109375
2025-08-29,1896.4300537109375
2025-09-01,1898.530029296875
2025-09-02,1882.739990234375
2025-09-03,1863.0999755859375
2025-09-04,1875.449951171875
2025-09-05,1869.030029296875
2025-09-08,1875.5400390625
2025-09-09,1884.31005859375
2025-09-10,1897.3499755859375
2025-09-11,1896.550048828125
2025-09-12,1897.77001953125
2025-09-15,1907.81005859375
2025-09-16,1903.02001953125
2025-09-17,1896.7900390625
2025-09-18,1900.22998046875
2025-09-19,1896.3199462890625
2025-09-22,1889.4200439453125
2025-09-23,1909.0699462890625
2025-09-24,1920.550048828125
2025-09-25,1914.5799560546875
2025-09-26,1923.1300048828125
2025-09-29,1913.52001953125
2025-09-30,1896.3399658203125
2025-10-01,1910.8800048828125
2025-10-02,1904.0999755859375
2025-10-06,1927.0899658203125
2025-10-07,1903.31005859375
2025-10-08,1905.219970703125
2025-10-09,1903.18994140625
2025-10-10,1894.6700439453125
2025-10-13,1878.469970703125
2025-10-14,1869.27001953125
2025-10-15,1881.1500244140625
2025-10-16,1880.8199462890625
2025-10-17,1858.5699462890625
2025-10-20,1863.739990234375
2025-10-21,1868.0799560546875
2025-10-22,1864.2099609375
2025-10-23,1894.4000244140625
2025-10-24,1882.9599609375
2025-10-27,1886.5
2025-10-28,1877.050048828125
2025-10-29,1879.7900390625
2025-10-30,1846.3499755859375
2025-10-31,1852.030029296875
2025-11-03,1859.4599609375
2025-11-04,1844.31005859375
2025-11-05,1848.68994140625
2025-11-06,1843.780029296875
2025-11-07,1839.8399658203125
2025-11-10,1845.780029296875
2025-11-11,1860.199951171875
2025-11-12,1865.7900390625
2025-11-13,1868.0699462890625
2025-11-14,1859.43994140625
2025-11-17,1867.47998046875
2025-11-18,1831.43994140625
2025-11-19,1825.9300537109375
2025-11-20,1850.0899658203125
2025-11-21,1826.010009765625
2025-11-24,1822.75
2025-11-25,1825.300048828125
2025-11-26,1839.3499755859375
2025-11-27,1853.56005859375
2025-11-28,1856.030029296875
2025-12-01,1852.1600341796875
2025-12-02,1850.8299560546875
2025-12-03,1862.9000244140625
2025-12-04,1872.8499755859375
2025-12-05,1881.030029296875
2025-12-08,1890.1300048828125
2025-12-09,1888.02001953125
2025-12-10,1873.5
2025-12-11,1887.6199951171875
2025-12-12,1889.050048828125
2025-12-15,1892.699951171875
2025-12-16,1877.2900390625
2025-12-17,1893.3199462890625
2025-12-18,1893.739990234375
2025-12-19,1903.27001953125
2025-12-22,1907.0699462890625
2025-12-23,1912.8599853515625
2025-12-29,1926.8199462890625
2025-12-30,1941.4200439453125
2026-01-02,1952.5
2026-01-05,1939.8800048828125
2026-01-06,1954.56005859375
2026-01-07,1936.800048828125
2026-01-08,1940.3499755859375
2026-01-09,1957.93994140625
2026-01-12,1964.8399658203125
2026-01-13,1985.199951171875
2026-01-14,1998.72998046875
2026-01-15,1997.489990234375
2026-01-16,2025.1700439453125
2026-01-19,1990.22998046875
2026-01-20,1995.030029296875
2026-01-21,2004.5699462890625
2026-01-22,1994.0899658203125
2026-01-23,2006.8800048828125
2026-01-26,2009.6500244140625
2026-01-27,2018.2900390625
2026-01-28,2025.52001953125
2026-01-29,2033.75
2026-01-30,2038.9200439453125
2026-02-02,2032.760009765625
2026-02-03,2034.280029296875
2026-02-04,2038.1300048828125
2026-02-05,2040.0
2026-02-06,2077.5
2026-02-09,2104.280029296875
2026-02-10,2107.090087890625
2026-02-11,2111.360107421875
2026-02-12,2119.35009765625
2026-02-13,2102.6201171875
2026-02-16,2109.85009765625
2026-02-17,2101.77001953125
2026-02-18,2148.860107421875
2026-02-19,2167.320068359375
2026-02-20,2177.909912109375
2026-02-23,2171.449951171875
2026-02-24,2175.43994140625
2026-02-25,2181.219970703125
2026-02-26,2172.260009765625
2026-02-27,2193.27001953125
2026-03-02,2230.469970703125
2026-03-03,2206.719970703125
2026-03-04,2222.330078125
2026-03-05,2223.139892578125
2026-03-06,2226.080078125
2026-03-09,2238.830078125
2026-03-10,2229.6201171875
2026-03-11,2241.929931640625
2026-03-12,2271.570068359375
2026-03-13,2282.2099609375
2026-03-16,2310.0400390625
2026-03-17,2320.5
2026-03-18,2337.580078125
2026-03-19,2374.830078125
2026-03-20,2337.489990234375
2026-03-23,2304.449951171875
2026-03-24,2318.56005859375
2026-03-25,2346.580078125
2026-03-26,2357.659912109375
2026-03-27,2353.469970703125
2026-03-30,2420.5400390625
2026-03-31,2451.179931640625
2026-04-01,2424.1298828125
2026-04-07,2460.27001953125
2026-04-08,2371.010009765625
2026-04-09,2420.56005859375
2026-04-10,2397.0
2026-04-13,2408.18994140625
2026-04-14,2382.780029296875
2026-04-15,2362.7900390625
2026-04-16,2360.7099609375
2026-04-17,2294.47998046875
2026-04-20,2310.590087890625
2026-04-21,2330.010009765625
2026-04-22,2336.139892578125
2026-04-23,2348.300048828125
2026-04-24,2339.330078125
2026-04-27,2333.429931640625
2026-04-28,2340.10009765625
2026-04-29,2349.0
2026-04-30,2372.449951171875
2026-05-04,2387.919921875
2026-05-05,2397.27001953125
2026-05-06,2342.409912109375
2026-05-07,2314.340087890625
2026-05-08,2307.8798828125
2026-05-11,2321.050048828125
2026-05-12,2333.239990234375
2026-05-13,2333.570068359375
2026-05-15,2373.6201171875
2026-05-18,2398.97998046875
2026-05-19,2421.8798828125
2026-05-20,2419.239990234375
2026-05-21,2418.840087890625
2026-05-22,2400.72998046875
2026-05-26,2400.030029296875
2026-05-27,2353.580078125
2026-05-28,2360.409912109375
2026-05-29,2342.68994140625
2026-06-01,2361.330078125
2026-06-02,2357.35009765625
2026-06-03,2366.0400390625
2026-06-04,2352.949951171875
2026-06-05,2358.280029296875
2026-06-08,2346.169921875
2026-06-09,2336.7099609375
2026-06-10,2332.889892578125
2026-06-11,2360.989990234375
2026-06-12,2342.340087890625
