date,bci
1974-06-30,100.7281
1974-07-31,100.2436
1974-08-31,99.59381
1974-09-30,98.758
1974-10-31,97.92079
1974-11-30,97.14102
1974-12-31,96.54681
1975-01-31,96.30905
1975-02-28,96.3252
1975-03-31,96.43883
1975-04-30,96.76512
1975-05-31,97.18275
1975-06-30,97.62244
1975-07-31,98.07083
1975-08-31,98.54567
1975-09-30,98.96372
1975-10-31,99.28145
1975-11-30,99.5257
1975-12-31,99.8282
1976-01-31,100.1354
1976-02-29,100.3913
1976-03-31,100.5416
1976-04-30,100.673
1976-05-31,100.6983
1976-06-30,100.6451
1976-07-31,100.507
1976-08-31,100.3302
1976-09-30,100.1593
1976-10-31,100.0277
1976-11-30,99.94734
1976-12-31,99.9675
1977-01-31,99.94285
1977-02-28,99.93579
1977-03-31,99.99791
1977-04-30,99.90281
1977-05-31,99.80191
1977-06-30,99.64813
1977-07-31,99.51749
1977-08-31,99.38734
1977-09-30,99.32832
1977-10-31,99.37423
1977-11-30,99.48032
1977-12-31,99.58247
1978-01-31,99.57504
1978-02-28,99.57603
1978-03-31,99.66888
1978-04-30,99.89359
1978-05-31,100.1653
1978-06-30,100.4128
1978-07-31,100.619
1978-08-31,100.7437
1978-09-30,100.835
1978-10-31,100.9075
1978-11-30,100.9426
1978-12-31,100.9002
1979-01-31,100.8751
1979-02-28,100.8973
1979-03-31,100.9608
1979-04-30,100.9975
1979-05-31,100.9554
1979-06-30,100.8174
1979-07-31,100.6162
1979-08-31,100.4302
1979-09-30,100.3009
1979-10-31,100.1672
1979-11-30,100.009
1979-12-31,99.87659
1980-01-31,99.80797
1980-02-29,99.61004
1980-03-31,99.05497
1980-04-30,98.30827
1980-05-31,97.65714
1980-06-30,97.43887
1980-07-31,97.64119
1980-08-31,98.11715
1980-09-30,98.56292
1980-10-31,98.86285
1980-11-30,98.9196
1980-12-31,98.74317
1981-01-31,98.52938
1981-02-28,98.42233
1981-03-31,98.44263
1981-04-30,98.55501
1981-05-31,98.64748
1981-06-30,98.61591
1981-07-31,98.51642
1981-08-31,98.4015
1981-09-30,98.18118
1981-10-31,97.9501
1981-11-30,97.77487
1981-12-31,97.71746
1982-01-31,97.71256
1982-02-28,97.70853
1982-03-31,97.67821
1982-04-30,97.60225
1982-05-31,97.48532
1982-06-30,97.40363
1982-07-31,97.30544
1982-08-31,97.21545
1982-09-30,97.20436
1982-10-31,97.26776
1982-11-30,97.4427
1982-12-31,97.79939
1983-01-31,98.26263
1983-02-28,98.73325
1983-03-31,99.01825
1983-04-30,99.19721
1983-05-31,99.39695
1983-06-30,99.65873
1983-07-31,99.95534
1983-08-31,100.1818
1983-09-30,100.3751
1983-10-31,100.582
1983-11-30,100.7812
1983-12-31,100.8579
1984-01-31,100.7143
1984-02-29,100.6221
1984-03-31,100.5715
1984-04-30,100.5577
1984-05-31,100.521
1984-06-30,100.465
1984-07-31,100.3334
1984-08-31,100.1312
1984-09-30,99.94907
1984-10-31,99.85944
1984-11-30,99.81838
1984-12-31,99.81525
1985-01-31,99.79241
1985-02-28,99.74385
1985-03-31,99.6773
1985-04-30,99.65216
1985-05-31,99.63343
1985-06-30,99.63769
1985-07-31,99.65549
1985-08-31,99.71568
1985-09-30,99.84244
1985-10-31,99.9556
1985-11-30,100.0005
1985-12-31,99.95554
1986-01-31,99.88167
1986-02-28,99.83494
1986-03-31,99.78304
1986-04-30,99.72218
1986-05-31,99.68705
1986-06-30,99.59059
1986-07-31,99.55197
1986-08-31,99.63554
1986-09-30,99.69376
1986-10-31,99.70474
1986-11-30,99.72763
1986-12-31,99.78394
1987-01-31,99.88836
1987-02-28,99.98625
1987-03-31,100.1386
1987-04-30,100.2869
1987-05-31,100.4309
1987-06-30,100.5564
1987-07-31,100.7098
1987-08-31,100.9118
1987-09-30,101.0827
1987-10-31,101.1957
1987-11-30,101.2301
1987-12-31,101.2276
1988-01-31,101.1501
1988-02-29,101.0809
1988-03-31,101.0684
1988-04-30,101.1607
1988-05-31,101.3161
1988-06-30,101.4847
1988-07-31,101.5509
1988-08-31,101.5484
1988-09-30,101.5592
1988-10-31,101.6154
1988-11-30,101.6405
1988-12-31,101.6161
1989-01-31,101.5173
1989-02-28,101.3841
1989-03-31,101.2252
1989-04-30,101.0947
1989-05-31,100.9548
1989-06-30,100.8221
1989-07-31,100.7053
1989-08-31,100.6115
1989-09-30,100.5686
1989-10-31,100.5657
1989-11-30,100.5681
1989-12-31,100.5684
1990-01-31,100.5687
1990-02-28,100.5849
1990-03-31,100.5975
1990-04-30,100.5757
1990-05-31,100.4941
1990-06-30,100.3596
1990-07-31,100.1687
1990-08-31,99.96905
1990-09-30,99.76055
1990-10-31,99.53971
1990-11-30,99.30624
1990-12-31,99.06667
1991-01-31,98.81831
1991-02-28,98.68408
1991-03-31,98.702
1991-04-30,98.86396
1991-05-31,99.08851
1991-06-30,99.37803
1991-07-31,99.60924
1991-08-31,99.77808
1991-09-30,99.81778
1991-10-31,99.68846
1991-11-30,99.4555
1991-12-31,99.25796
1992-01-31,99.23954
1992-02-29,99.39008
1992-03-31,99.54499
1992-04-30,99.6311
1992-05-31,99.67864
1992-06-30,99.57533
1992-07-31,99.37817
1992-08-31,99.12255
1992-09-30,98.85871
1992-10-31,98.68965
1992-11-30,98.61823
1992-12-31,98.59795
1993-01-31,98.59464
1993-02-28,98.56906
1993-03-31,98.51719
1993-04-30,98.45653
1993-05-31,98.43246
1993-06-30,98.39967
1993-07-31,98.41776
1993-08-31,98.53358
1993-09-30,98.73502
1993-10-31,98.9698
1993-11-30,99.16962
1993-12-31,99.30897
1994-01-31,99.42448
1994-02-28,99.54474
1994-03-31,99.71298
1994-04-30,99.91891
1994-05-31,100.1394
1994-06-30,100.3654
1994-07-31,100.5911
1994-08-31,100.814
1994-09-30,100.9955
1994-10-31,101.1049
1994-11-30,101.1354
1994-12-31,101.106
1995-01-31,101.0429
1995-02-28,100.8948
1995-03-31,100.6587
1995-04-30,100.3874
1995-05-31,100.1098
1995-06-30,99.94096
1995-07-31,99.89832
1995-08-31,99.80856
1995-09-30,99.69292
1995-10-31,99.53127
1995-11-30,99.3555
1995-12-31,99.21171
1996-01-31,99.12239
1996-02-29,99.08434
1996-03-31,99.10496
1996-04-30,99.17654
1996-05-31,99.27638
1996-06-30,99.43243
1996-07-31,99.53522
1996-08-31,99.65471
1996-09-30,99.74734
1996-10-31,99.83916
1996-11-30,99.95417
1996-12-31,100.0804
1997-01-31,100.1997
1997-02-28,100.3052
1997-03-31,100.419
1997-04-30,100.5311
1997-05-31,100.6702
1997-06-30,100.7957
1997-07-31,100.9272
1997-08-31,100.9785
1997-09-30,100.9854
1997-10-31,100.9689
1997-11-30,100.8772
1997-12-31,100.7512
1998-01-31,100.6131
1998-02-28,100.4866
1998-03-31,100.355
1998-04-30,100.1721
1998-05-31,99.97231
1998-06-30,99.79847
1998-07-31,99.63574
1998-08-31,99.43061
1998-09-30,99.19733
1998-10-31,98.99973
1998-11-30,98.90725
1998-12-31,98.92861
1999-01-31,99.03394
1999-02-28,99.15379
1999-03-31,99.25518
1999-04-30,99.39458
1999-05-31,99.5843
1999-06-30,99.77508
1999-07-31,99.9493
1999-08-31,100.1801
1999-09-30,100.4267
1999-10-31,100.6056
1999-11-30,100.7284
1999-12-31,100.8014
2000-01-31,100.8379
2000-02-29,100.8712
2000-03-31,100.8844
2000-04-30,100.8621
2000-05-31,100.8297
2000-06-30,100.7989
2000-07-31,100.7785
2000-08-31,100.7062
2000-09-30,100.6013
2000-10-31,100.4621
2000-11-30,100.2867
2000-12-31,100.035
2001-01-31,99.73531
2001-02-28,99.43536
2001-03-31,99.23975
2001-04-30,99.15001
2001-05-31,99.11047
2001-06-30,99.11021
2001-07-31,99.07301
2001-08-31,98.90083
2001-09-30,98.56013
2001-10-31,98.26308
2001-11-30,98.26891
2001-12-31,98.46707
2002-01-31,98.78629
2002-02-28,99.18673
2002-03-31,99.51945
2002-04-30,99.71674
2002-05-31,99.78783
2002-06-30,99.74895
2002-07-31,99.61454
2002-08-31,99.53671
2002-09-30,99.5351
2002-10-31,99.54564
2002-11-30,99.55098
2002-12-31,99.51202
2003-01-31,99.33097
2003-02-28,99.08784
2003-03-31,98.89732
2003-04-30,98.92521
2003-05-31,99.06644
2003-06-30,99.1909
2003-07-31,99.35562
2003-08-31,99.58171
2003-09-30,99.80401
2003-10-31,100.09
2003-11-30,100.4261
2003-12-31,100.6965
2004-01-31,100.8518
2004-02-29,100.9509
2004-03-31,101.0188
2004-04-30,101.1212
2004-05-31,101.1638
2004-06-30,101.0873
2004-07-31,101.0068
2004-08-31,100.9629
2004-09-30,100.9225
2004-10-31,100.8353
2004-11-30,100.7457
2004-12-31,100.6905
2005-01-31,100.5973
2005-02-28,100.4455
2005-03-31,100.2516
2005-04-30,100.0778
2005-05-31,100.0087
2005-06-30,100.0844
2005-07-31,100.2461
2005-08-31,100.4163
2005-09-30,100.6151
2005-10-31,100.7009
2005-11-30,100.7174
2005-12-31,100.7248
2006-01-31,100.7364
2006-02-28,100.7948
2006-03-31,100.8483
2006-04-30,100.9106
2006-05-31,100.9073
2006-06-30,100.8922
2006-07-31,100.9168
2006-08-31,100.9141
2006-09-30,100.876
2006-10-31,100.8344
2006-11-30,100.8619
2006-12-31,100.9305
2007-01-31,100.9776
2007-02-28,101.0442
2007-03-31,101.0761
2007-04-30,101.0946
2007-05-31,101.0984
2007-06-30,101.0846
2007-07-31,100.9988
2007-08-31,100.8999
2007-09-30,100.8121
2007-10-31,100.7426
2007-11-30,100.7004
2007-12-31,100.6064
2008-01-31,100.4878
2008-02-29,100.3094
2008-03-31,100.1459
2008-04-30,99.97843
2008-05-31,99.86143
2008-06-30,99.74504
2008-07-31,99.50759
2008-08-31,99.03405
2008-09-30,98.22415
2008-10-31,97.22472
2008-11-30,96.31873
2008-12-31,95.67256
2009-01-31,95.37463
2009-02-28,95.30451
2009-03-31,95.5127
2009-04-30,96.0246
2009-05-31,96.61213
2009-06-30,97.17522
2009-07-31,97.72533
2009-08-31,98.20619
2009-09-30,98.55827
2009-10-31,98.8314
2009-11-30,99.02456
2009-12-31,99.26802
2010-01-31,99.57016
2010-02-28,99.84989
2010-03-31,100.1606
2010-04-30,100.3753
2010-05-31,100.4437
2010-06-30,100.4482
2010-07-31,100.496
2010-08-31,100.5768
2010-09-30,100.6746
2010-10-31,100.7964
2010-11-30,100.942
2010-12-31,101.0965
2011-01-31,101.2082
2011-02-28,101.2538
2011-03-31,101.214
2011-04-30,101.0694
2011-05-31,100.8334
2011-06-30,100.6315
2011-07-31,100.4028
2011-08-31,100.204
2011-09-30,100.0286
2011-10-31,99.87988
2011-11-30,99.81567
2011-12-31,99.83974
2012-01-31,99.93383
2012-02-29,100.0279
2012-03-31,100.0608
2012-04-30,100.0008
2012-05-31,99.83524
2012-06-30,99.65999
2012-07-31,99.55843
2012-08-31,99.50045
2012-09-30,99.4583
2012-10-31,99.3902
2012-11-30,99.36813
2012-12-31,99.44218
2013-01-31,99.57442
2013-02-28,99.68904
2013-03-31,99.70373
2013-04-30,99.66992
2013-05-31,99.71605
2013-06-30,99.86392
2013-07-31,100.0647
2013-08-31,100.2661
2013-09-30,100.3926
2013-10-31,100.4372
2013-11-30,100.4548
2013-12-31,100.4243
2014-01-31,100.3715
2014-02-28,100.408
2014-03-31,100.4832
2014-04-30,100.545
2014-05-31,100.5571
2014-06-30,100.5444
2014-07-31,100.5518
2014-08-31,100.5698
2014-09-30,100.5437
2014-10-31,100.5339
2014-11-30,100.4733
2014-12-31,100.3582
2015-01-31,100.2724
2015-02-28,100.2204
2015-03-31,100.1918
2015-04-30,100.1969
2015-05-31,100.1951
2015-06-30,100.1403
2015-07-31,100.0526
2015-08-31,99.95417
2015-09-30,99.86351
2015-10-31,99.81359
2015-11-30,99.78896
2015-12-31,99.7963
2016-01-31,99.83102
2016-02-29,99.8849
2016-03-31,99.96835
2016-04-30,100.0222
2016-05-31,100.0735
2016-06-30,100.1231
2016-07-31,100.1051
2016-08-31,100.065
2016-09-30,100.1343
2016-10-31,100.2465
2016-11-30,100.3911
2016-12-31,100.5257
2017-01-31,100.6491
2017-02-28,100.773
2017-03-31,100.8289
2017-04-30,100.8453
2017-05-31,100.9176
2017-06-30,101.0668
2017-07-31,101.1995
2017-08-31,101.3438
2017-09-30,101.4663
2017-10-31,101.5055
2017-11-30,101.5248
2017-12-31,101.5457
2018-01-31,101.5483
2018-02-28,101.5173
2018-03-31,101.4404
2018-04-30,101.4021
2018-05-31,101.4062
2018-06-30,101.4058
2018-07-31,101.3588
2018-08-31,101.2942
2018-09-30,101.1553
2018-10-31,101.0001
2018-11-30,100.8923
2018-12-31,100.734
2019-01-31,100.6049
2019-02-28,100.4823
2019-03-31,100.3965
2019-04-30,100.2795
2019-05-31,100.1435
2019-06-30,99.9659
2019-07-31,99.76266
2019-08-31,99.6021
2019-09-30,99.47988
2019-10-31,99.48016
2019-11-30,99.5469
2019-12-31,99.59813
2020-01-31,99.53661
2020-02-29,99.05672
2020-03-31,98.03169
2020-04-30,96.90698
2020-05-31,96.78809
2020-06-30,97.53659
2020-07-31,98.43296
2020-08-31,99.1096
2020-09-30,99.55812
2020-10-31,99.87382
2020-11-30,100.0331
2020-12-31,100.2464
2021-01-31,100.4691
2021-02-28,100.795
2021-03-31,101.1831
2021-04-30,101.4779
2021-05-31,101.7272
2021-06-30,101.9033
2021-07-31,101.9924
2021-08-31,102.0182
2021-09-30,102.0529
2021-10-31,102.0716
2021-11-30,102.0656
2021-12-31,101.9717
2022-01-31,101.8323
2022-02-28,101.6812
2022-03-31,101.4732
2022-04-30,101.2871
2022-05-31,101.1039
2022-06-30,100.8261
2022-07-31,100.509
2022-08-31,100.2147
2022-09-30,99.94551
2022-10-31,99.75784
2022-11-30,99.6305
2022-12-31,99.58128
2023-01-31,99.58277
2023-02-28,99.57208
2023-03-31,99.52724
2023-04-30,99.44601
2023-05-31,99.35821
2023-06-30,99.29675
2023-07-31,99.27721
2023-08-31,99.27726
2023-09-30,99.27799
2023-10-31,99.25097
2023-11-30,99.23271
2023-12-31,99.28342
2024-01-31,99.37098
2024-02-29,99.44456
2024-03-31,99.51871
2024-04-30,99.51921
2024-05-31,99.45822
2024-06-30,99.39388
2024-07-31,99.32886
2024-08-31,99.28866
2024-09-30,99.25899
2024-10-31,99.2645
2024-11-30,99.31123
2024-12-31,99.34147
2025-01-31,99.42811
2025-02-28,99.47633
2025-03-31,99.45541
2025-04-30,99.40366
2025-05-31,99.35443
2025-06-30,99.32861
2025-07-31,99.32477
2025-08-31,99.34964
2025-09-30,99.37999
2025-10-31,99.41536
2025-11-30,99.46415
2025-12-31,99.60216
2026-01-31,99.79528
2026-02-28,99.88267
2026-03-31,99.87588
2026-04-30,99.83207
