date,global_cci
1980-01-31,99.34095
1980-02-29,99.12093
1980-03-31,98.82182
1980-04-30,98.62769
1980-05-31,98.60776
1980-06-30,98.74187
1980-07-31,98.95405
1980-08-31,99.22122
1980-09-30,99.43127
1980-10-31,99.48634
1980-11-30,99.35814
1980-12-31,99.13089
1981-01-31,99.00896
1981-02-28,98.87897
1981-03-31,98.82332
1981-04-30,98.89198
1981-05-31,98.98402
1981-06-30,98.96656
1981-07-31,98.92127
1981-08-31,98.8643
1981-09-30,98.76559
1981-10-31,98.62894
1981-11-30,98.54125
1981-12-31,98.61375
1982-01-31,98.78574
1982-02-28,98.85405
1982-03-31,98.90746
1982-04-30,99.01356
1982-05-31,99.06254
1982-06-30,98.99979
1982-07-31,98.87241
1982-08-31,98.80267
1982-09-30,98.81287
1982-10-31,98.87259
1982-11-30,98.9241
1982-12-31,99.0004
1983-01-31,99.18839
1983-02-28,99.52805
1983-03-31,99.95944
1983-04-30,100.3083
1983-05-31,100.489
1983-06-30,100.5409
1983-07-31,100.5438
1983-08-31,100.5196
1983-09-30,100.4943
1983-10-31,100.5316
1983-11-30,100.6817
1983-12-31,100.8921
1984-01-31,101.0593
1984-02-29,101.0827
1984-03-31,101.0253
1984-04-30,100.9061
1984-05-31,100.8151
1984-06-30,100.7703
1984-07-31,100.8257
1984-08-31,100.9252
1984-09-30,100.9948
1984-10-31,100.9791
1984-11-30,100.9722
1984-12-31,100.9957
1985-01-31,101.0494
1985-02-28,101.0248
1985-03-31,100.9801
1985-04-30,100.9496
1985-05-31,100.9233
1985-06-30,100.9361
1985-07-31,100.9349
1985-08-31,100.9364
1985-09-30,100.9707
1985-10-31,101.0382
1985-11-30,101.1349
1985-12-31,101.2595
1986-01-31,101.3754
1986-02-28,101.431
1986-03-31,101.4444
1986-04-30,101.4413
1986-05-31,101.4302
1986-06-30,101.4344
1986-07-31,101.401
1986-08-31,101.3475
1986-09-30,101.3062
1986-10-31,101.2951
1986-11-30,101.2287
1986-12-31,101.161
1987-01-31,101.1494
1987-02-28,101.1846
1987-03-31,101.2376
1987-04-30,101.2946
1987-05-31,101.3263
1987-06-30,101.3761
1987-07-31,101.4409
1987-08-31,101.4719
1987-09-30,101.4353
1987-10-31,101.3225
1987-11-30,101.2202
1987-12-31,101.2691
1988-01-31,101.3943
1988-02-29,101.5036
1988-03-31,101.577
1988-04-30,101.6053
1988-05-31,101.6397
1988-06-30,101.6711
1988-07-31,101.7178
1988-08-31,101.8011
1988-09-30,101.8439
1988-10-31,101.8277
1988-11-30,101.7899
1988-12-31,101.7486
1989-01-31,101.7246
1989-02-28,101.6169
1989-03-31,101.4479
1989-04-30,101.2913
1989-05-31,101.2062
1989-06-30,101.2064
1989-07-31,101.28
1989-08-31,101.3785
1989-09-30,101.4885
1989-10-31,101.4875
1989-11-30,101.4388
1989-12-31,101.411
1990-01-31,101.3939
1990-02-28,101.3337
1990-03-31,101.2754
1990-04-30,101.2394
1990-05-31,101.1514
1990-06-30,101.0264
1990-07-31,100.8091
1990-08-31,100.4275
1990-09-30,100.0111
1990-10-31,99.73892
1990-11-30,99.67307
1990-12-31,99.71469
1991-01-31,99.8077
1991-02-28,100.0611
1991-03-31,100.4274
1991-04-30,100.5594
1991-05-31,100.5453
1991-06-30,100.499
1991-07-31,100.4383
1991-08-31,100.3932
1991-09-30,100.3333
1991-10-31,100.148
1991-11-30,99.89031
1991-12-31,99.70679
1992-01-31,99.65446
1992-02-29,99.74929
1992-03-31,99.91198
1992-04-30,100.0085
1992-05-31,100.0096
1992-06-30,99.90165
1992-07-31,99.70008
1992-08-31,99.478
1992-09-30,99.29044
1992-10-31,99.22993
1992-11-30,99.35826
1992-12-31,99.50846
1993-01-31,99.57876
1993-02-28,99.57907
1993-03-31,99.57162
1993-04-30,99.54383
1993-05-31,99.43184
1993-06-30,99.27731
1993-07-31,99.15273
1993-08-31,99.10366
1993-09-30,99.12408
1993-10-31,99.21885
1993-11-30,99.39526
1993-12-31,99.69999
1994-01-31,100.0173
1994-02-28,100.2339
1994-03-31,100.3752
1994-04-30,100.5199
1994-05-31,100.6663
1994-06-30,100.7896
1994-07-31,100.8835
1994-08-31,100.9865
1994-09-30,101.0583
1994-10-31,101.0812
1994-11-30,101.0652
1994-12-31,101.0411
1995-01-31,100.9974
1995-02-28,100.876
1995-03-31,100.7392
1995-04-30,100.6935
1995-05-31,100.7138
1995-06-30,100.8065
1995-07-31,100.8735
1995-08-31,100.854
1995-09-30,100.7259
1995-10-31,100.6143
1995-11-30,100.5424
1995-12-31,100.5243
1996-01-31,100.5322
1996-02-29,100.5704
1996-03-31,100.6454
1996-04-30,100.6681
1996-05-31,100.659
1996-06-30,100.6783
1996-07-31,100.7107
1996-08-31,100.7486
1996-09-30,100.7653
1996-10-31,100.7681
1996-11-30,100.7539
1996-12-31,100.7284
1997-01-31,100.7587
1997-02-28,100.8439
1997-03-31,100.9538
1997-04-30,101.0925
1997-05-31,101.2531
1997-06-30,101.4026
1997-07-31,101.5035
1997-08-31,101.5257
1997-09-30,101.5093
1997-10-31,101.4532
1997-11-30,101.4067
1997-12-31,101.3741
1998-01-31,101.4313
1998-02-28,101.5145
1998-03-31,101.5501
1998-04-30,101.5586
1998-05-31,101.5227
1998-06-30,101.4576
1998-07-31,101.4015
1998-08-31,101.3353
1998-09-30,101.2831
1998-10-31,101.2886
1998-11-30,101.3938
1998-12-31,101.506
1999-01-31,101.6554
1999-02-28,101.7519
1999-03-31,101.746
1999-04-30,101.7227
1999-05-31,101.7414
1999-06-30,101.7849
1999-07-31,101.8196
1999-08-31,101.8598
1999-09-30,101.9244
1999-10-31,101.9962
1999-11-30,102.0922
1999-12-31,102.1943
2000-01-31,102.3032
2000-02-29,102.3116
2000-03-31,102.2643
2000-04-30,102.245
2000-05-31,102.236
2000-06-30,102.2068
2000-07-31,102.2006
2000-08-31,102.1426
2000-09-30,102.0203
2000-10-31,101.9294
2000-11-30,101.8034
2000-12-31,101.6027
2001-01-31,101.4062
2001-02-28,101.2452
2001-03-31,101.1514
2001-04-30,101.0871
2001-05-31,101.0442
2001-06-30,101.0064
2001-07-31,100.9203
2001-08-31,100.7329
2001-09-30,100.4837
2001-10-31,100.3649
2001-11-30,100.4227
2001-12-31,100.5996
2002-01-31,100.7593
2002-02-28,100.8767
2002-03-31,100.9758
2002-04-30,100.9996
2002-05-31,100.983
2002-06-30,100.8683
2002-07-31,100.7169
2002-08-31,100.5719
2002-09-30,100.432
2002-10-31,100.2836
2002-11-30,100.1818
2002-12-31,100.0461
2003-01-31,99.85091
2003-02-28,99.6832
2003-03-31,99.67278
2003-04-30,99.90652
2003-05-31,100.1684
2003-06-30,100.3264
2003-07-31,100.3896
2003-08-31,100.3832
2003-09-30,100.3907
2003-10-31,100.4587
2003-11-30,100.5841
2003-12-31,100.7159
2004-01-31,100.8519
2004-02-29,100.8414
2004-03-31,100.8044
2004-04-30,100.7707
2004-05-31,100.7502
2004-06-30,100.7895
2004-07-31,100.8436
2004-08-31,100.8455
2004-09-30,100.8218
2004-10-31,100.8268
2004-11-30,100.8793
2004-12-31,100.9663
2005-01-31,101.0359
2005-02-28,101.019
2005-03-31,100.8958
2005-04-30,100.7583
2005-05-31,100.7021
2005-06-30,100.7378
2005-07-31,100.7032
2005-08-31,100.5095
2005-09-30,100.2735
2005-10-31,100.2542
2005-11-30,100.47
2005-12-31,100.7714
2006-01-31,100.9806
2006-02-28,101.0276
2006-03-31,100.995
2006-04-30,100.8979
2006-05-31,100.7344
2006-06-30,100.6451
2006-07-31,100.623
2006-08-31,100.653
2006-09-30,100.7929
2006-10-31,100.9895
2006-11-30,101.0944
2006-12-31,101.1387
2007-01-31,101.1411
2007-02-28,101.0792
2007-03-31,101.0047
2007-04-30,100.9818
2007-05-31,100.9969
2007-06-30,100.9726
2007-07-31,100.9333
2007-08-31,100.7914
2007-09-30,100.6033
2007-10-31,100.3714
2007-11-30,100.1035
2007-12-31,99.89535
2008-01-31,99.68114
2008-02-29,99.38182
2008-03-31,99.02156
2008-04-30,98.57497
2008-05-31,98.13407
2008-06-30,97.78748
2008-07-31,97.6785
2008-08-31,97.7571
2008-09-30,97.76823
2008-10-31,97.51405
2008-11-30,97.28207
2008-12-31,97.15431
2009-01-31,97.09673
2009-02-28,97.11177
2009-03-31,97.34024
2009-04-30,97.78859
2009-05-31,98.23017
2009-06-30,98.55797
2009-07-31,98.76978
2009-08-31,98.96736
2009-09-30,99.17799
2009-10-31,99.27454
2009-11-30,99.30686
2009-12-31,99.36937
2010-01-31,99.44066
2010-02-28,99.4616
2010-03-31,99.46166
2010-04-30,99.44292
2010-05-31,99.39671
2010-06-30,99.34997
2010-07-31,99.29697
2010-08-31,99.30983
2010-09-30,99.33201
2010-10-31,99.36983
2010-11-30,99.44331
2010-12-31,99.47446
2011-01-31,99.43518
2011-02-28,99.33208
2011-03-31,99.11655
2011-04-30,98.98994
2011-05-31,98.97977
2011-06-30,98.89919
2011-07-31,98.67774
2011-08-31,98.41832
2011-09-30,98.31744
2011-10-31,98.33152
2011-11-30,98.45496
2011-12-31,98.62504
2012-01-31,98.81545
2012-02-29,98.95318
2012-03-31,99.01622
2012-04-30,99.01382
2012-05-31,98.9797
2012-06-30,98.89365
2012-07-31,98.84972
2012-08-31,98.85349
2012-09-30,98.89298
2012-10-31,98.94585
2012-11-30,98.95162
2012-12-31,98.90475
2013-01-31,98.96958
2013-02-28,99.08215
2013-03-31,99.19147
2013-04-30,99.29899
2013-05-31,99.44042
2013-06-30,99.56644
2013-07-31,99.67037
2013-08-31,99.68777
2013-09-30,99.6397
2013-10-31,99.56883
2013-11-30,99.5918
2013-12-31,99.67003
2014-01-31,99.72048
2014-02-28,99.76649
2014-03-31,99.85464
2014-04-30,99.96266
2014-05-31,100.0134
2014-06-30,100.0253
2014-07-31,100.005
2014-08-31,99.99135
2014-09-30,100.0033
2014-10-31,100.0511
2014-11-30,100.1489
2014-12-31,100.3227
2015-01-31,100.5184
2015-02-28,100.6506
2015-03-31,100.7106
2015-04-30,100.7108
2015-05-31,100.6467
2015-06-30,100.5979
2015-07-31,100.4943
2015-08-31,100.4123
2015-09-30,100.391
2015-10-31,100.4975
2015-11-30,100.6291
2015-12-31,100.6699
2016-01-31,100.6014
2016-02-29,100.495
2016-03-31,100.4333
2016-04-30,100.4359
2016-05-31,100.4825
2016-06-30,100.4708
2016-07-31,100.3953
2016-08-31,100.3827
2016-09-30,100.4176
2016-10-31,100.4503
2016-11-30,100.5142
2016-12-31,100.5654
2017-01-31,100.5604
2017-02-28,100.5872
2017-03-31,100.6883
2017-04-30,100.7947
2017-05-31,100.8637
2017-06-30,100.8871
2017-07-31,100.9174
2017-08-31,100.9783
2017-09-30,101.0477
2017-10-31,101.1275
2017-11-30,101.149
2017-12-31,101.1411
2018-01-31,101.1417
2018-02-28,101.1615
2018-03-31,101.1738
2018-04-30,101.1631
2018-05-31,101.1572
2018-06-30,101.1711
2018-07-31,101.1909
2018-08-31,101.143
2018-09-30,101.0671
2018-10-31,100.9722
2018-11-30,100.8655
2018-12-31,100.7876
2019-01-31,100.7623
2019-02-28,100.8282
2019-03-31,100.9089
2019-04-30,100.9274
2019-05-31,100.8962
2019-06-30,100.8005
2019-07-31,100.6772
2019-08-31,100.5361
2019-09-30,100.5173
2019-10-31,100.5868
2019-11-30,100.7181
2019-12-31,100.8129
2020-01-31,100.743
2020-02-29,100.2699
2020-03-31,99.25893
2020-04-30,98.18349
2020-05-31,97.85287
2020-06-30,98.05293
2020-07-31,98.32198
2020-08-31,98.56694
2020-09-30,98.77358
2020-10-31,98.85211
2020-11-30,98.86659
2020-12-31,98.97961
2021-01-31,99.11575
2021-02-28,99.38237
2021-03-31,99.78015
2021-04-30,100.0979
2021-05-31,100.3294
2021-06-30,100.4685
2021-07-31,100.3713
2021-08-31,100.1407
2021-09-30,99.97858
2021-10-31,99.79657
2021-11-30,99.5753
2021-12-31,99.34045
2022-01-31,99.01118
2022-02-28,98.55233
2022-03-31,98.01513
2022-04-30,97.6346
2022-05-31,97.27305
2022-06-30,96.90731
2022-07-31,96.71421
2022-08-31,96.72236
2022-09-30,96.74238
2022-10-31,96.83271
2022-11-30,97.00181
2022-12-31,97.25992
2023-01-31,97.55617
2023-02-28,97.8094
2023-03-31,97.98986
2023-04-30,98.2042
2023-05-31,98.38744
2023-06-30,98.55771
2023-07-31,98.63435
2023-08-31,98.53843
2023-09-30,98.38509
2023-10-31,98.28622
2023-11-30,98.38999
2023-12-31,98.7036
2024-01-31,99.03584
2024-02-29,99.21766
2024-03-31,99.28077
2024-04-30,99.21579
2024-05-31,99.08114
2024-06-30,99.00468
2024-07-31,98.98451
2024-08-31,99.01632
2024-09-30,99.08279
2024-10-31,99.14999
2024-11-30,99.15916
2024-12-31,99.09331
2025-01-31,98.93068
2025-02-28,98.67017
2025-03-31,98.38283
2025-04-30,98.209
2025-05-31,98.28912
2025-06-30,98.48375
2025-07-31,98.60102
2025-08-31,98.60465
2025-09-30,98.55663
2025-10-31,98.52116
2025-11-30,98.52023
2025-12-31,98.57549
2026-01-31,98.6299
2026-02-28,98.53798
2026-03-31,98.22253
2026-04-30,97.84749
2026-05-31,97.55246
