date,cci
1975-01-01,96.62189
1975-02-01,96.79384
1975-03-01,97.33311
1975-04-01,98.18968
1975-05-01,98.85545
1975-06-01,99.37466
1975-07-01,99.88564
1975-08-01,100.3089
1975-09-01,100.6662
1975-10-01,101.0717
1975-11-01,101.3752
1975-12-01,101.586
1976-01-01,101.7774
1976-02-01,101.875
1976-03-01,101.6737
1976-04-01,101.1544
1976-05-01,100.6855
1976-06-01,100.2976
1976-07-01,99.94469
1976-08-01,99.68496
1976-09-01,99.41106
1976-10-01,99.10999
1976-11-01,98.9295
1976-12-01,98.85682
1977-01-01,98.89919
1977-02-01,98.94907
1977-03-01,98.9492
1977-04-01,98.84277
1977-05-01,98.78063
1977-06-01,98.81299
1977-07-01,98.9514
1977-08-01,99.1365
1977-09-01,99.30698
1977-10-01,99.42202
1977-11-01,99.49815
1977-12-01,99.49426
1978-01-01,99.44292
1978-02-01,99.45427
1978-03-01,99.55989
1978-04-01,99.70148
1978-05-01,99.83266
1978-06-01,99.98481
1978-07-01,100.136
1978-08-01,100.266
1978-09-01,100.4131
1978-10-01,100.5435
1978-11-01,100.6117
1978-12-01,100.638
1979-01-01,100.6402
1979-02-01,100.6067
1979-03-01,100.4952
1979-04-01,100.2654
1979-05-01,99.99101
1979-06-01,99.67448
1979-07-01,99.31393
1979-08-01,99.01227
1979-09-01,98.71543
1979-10-01,98.30657
1979-11-01,97.90288
1979-12-01,97.43469
1980-01-01,96.84174
1980-02-01,96.33385
1980-03-01,95.94672
1980-04-01,95.63492
1980-05-01,95.45152
1980-06-01,95.44508
1980-07-01,95.63553
1980-08-01,95.81321
1980-09-01,95.97076
1980-10-01,96.1254
1980-11-01,96.1614
1980-12-01,96.09035
1981-01-01,96.01512
1981-02-01,95.9935
1981-03-01,96.1134
1981-04-01,96.30704
1981-05-01,96.43851
1981-06-01,96.52502
1981-07-01,96.60538
1981-08-01,96.65357
1981-09-01,96.70575
1981-10-01,96.81207
1981-11-01,96.98458
1981-12-01,97.29825
1982-01-01,97.71852
1982-02-01,97.99506
1982-03-01,98.07126
1982-04-01,98.01519
1982-05-01,97.94336
1982-06-01,97.86936
1982-07-01,97.77567
1982-08-01,97.68765
1982-09-01,97.55987
1982-10-01,97.36399
1982-11-01,97.21667
1982-12-01,97.16047
1983-01-01,97.31125
1983-02-01,97.70684
1983-03-01,98.57122
1983-04-01,99.91889
1983-05-01,100.8979
1983-06-01,101.3466
1983-07-01,101.4367
1983-08-01,101.4319
1983-09-01,101.3909
1983-10-01,101.3791
1983-11-01,101.5099
1983-12-01,101.7487
1984-01-01,101.9902
1984-02-01,102.0264
1984-03-01,101.7204
1984-04-01,101.1774
1984-05-01,100.8432
1984-06-01,100.8029
1984-07-01,100.9074
1984-08-01,101.0211
1984-09-01,101.1251
1984-10-01,101.2033
1984-11-01,101.1382
1984-12-01,100.8406
1985-01-01,100.3146
1985-02-01,99.95493
1985-03-01,99.68314
1985-04-01,99.41114
1985-05-01,99.29219
1985-06-01,99.3498
1985-07-01,99.53444
1985-08-01,99.7282
1985-09-01,99.95425
1985-10-01,100.2039
1985-11-01,100.3348
1985-12-01,100.3404
1986-01-01,100.2392
1986-02-01,100.0902
1986-03-01,99.78288
1986-04-01,99.28993
1986-05-01,98.93307
1986-06-01,98.81803
1986-07-01,98.85956
1986-08-01,98.93787
1986-09-01,98.87787
1986-10-01,98.82731
1986-11-01,98.67359
1986-12-01,98.69601
1987-01-01,98.74443
1987-02-01,98.77698
1987-03-01,98.70789
1987-04-01,98.72765
1987-05-01,98.7912
1987-06-01,98.76412
1987-07-01,98.81554
1987-08-01,98.98874
1987-09-01,99.17056
1987-10-01,99.06336
1987-11-01,98.72929
1987-12-01,98.26185
1988-01-01,98.05766
1988-02-01,98.06008
1988-03-01,98.12929
1988-04-01,98.30956
1988-05-01,98.42815
1988-06-01,98.37136
1988-07-01,98.27717
1988-08-01,98.17712
1988-09-01,98.11123
1988-10-01,98.14511
1988-11-01,98.14538
1988-12-01,98.09848
1989-01-01,98.15187
1989-02-01,98.20457
1989-03-01,98.14416
1989-04-01,98.1675
1989-05-01,98.17735
1989-06-01,98.1946
1989-07-01,98.20322
1989-08-01,98.21605
1989-09-01,98.28684
1989-10-01,98.456
1989-11-01,98.59679
1989-12-01,98.84774
1990-01-01,99.0778
1990-02-01,99.21614
1990-03-01,99.31254
1990-04-01,99.27461
1990-05-01,99.12403
1990-06-01,98.90999
1990-07-01,98.79757
1990-08-01,98.78392
1990-09-01,98.83138
1990-10-01,98.90193
1990-11-01,99.0134
1990-12-01,99.16895
1991-01-01,99.37006
1991-02-01,99.54394
1991-03-01,99.71587
1991-04-01,99.69008
1991-05-01,99.58311
1991-06-01,99.57995
1991-07-01,99.60538
1991-08-01,99.63827
1991-09-01,99.7069
1991-10-01,99.87686
1991-11-01,100.1409
1991-12-01,100.1659
1992-01-01,100.0869
1992-02-01,99.94305
1992-03-01,99.98405
1992-04-01,100.1301
1992-05-01,100.2209
1992-06-01,100.1398
1992-07-01,100.0543
1992-08-01,99.95799
1992-09-01,99.77717
1992-10-01,99.63262
1992-11-01,99.48132
1992-12-01,99.48911
1993-01-01,99.47672
1993-02-01,99.45132
1993-03-01,99.47368
1993-04-01,99.60061
1993-05-01,99.8211
1993-06-01,99.95014
1993-07-01,99.9476
1993-08-01,99.85142
1993-09-01,99.80084
1993-10-01,99.86301
1993-11-01,100.1042
1993-12-01,100.4032
1994-01-01,100.7496
1994-02-01,101.0483
1994-03-01,101.1673
1994-04-01,101.3446
1994-05-01,101.4257
1994-06-01,101.4957
1994-07-01,101.5073
1994-08-01,101.4395
1994-09-01,101.3067
1994-10-01,101.1432
1994-11-01,101.0947
1994-12-01,101.1464
1995-01-01,101.2123
1995-02-01,101.2504
1995-03-01,101.2373
1995-04-01,101.1724
1995-05-01,101.111
1995-06-01,101.0226
1995-07-01,101.0384
1995-08-01,101.1455
1995-09-01,101.1925
1995-10-01,101.1758
1995-11-01,101.1928
1995-12-01,101.1064
1996-01-01,101.0045
1996-02-01,100.789
1996-03-01,100.6716
1996-04-01,100.6216
1996-05-01,100.5045
1996-06-01,100.4222
1996-07-01,100.4356
1996-08-01,100.4817
1996-09-01,100.6706
1996-10-01,100.8666
1996-11-01,100.9346
1996-12-01,101.0006
1997-01-01,101.1349
1997-02-01,101.2028
1997-03-01,101.2283
1997-04-01,101.1192
1997-05-01,100.9518
1997-06-01,101.0185
1997-07-01,101.1241
1997-08-01,101.1613
1997-09-01,101.0889
1997-10-01,100.9979
1997-11-01,100.9973
1997-12-01,101.0355
1998-01-01,101.046
1998-02-01,101.0337
1998-03-01,101.1475
1998-04-01,101.0494
1998-05-01,100.7137
1998-06-01,100.2341
1998-07-01,99.84871
1998-08-01,99.77658
1998-09-01,99.81456
1998-10-01,99.78292
1998-11-01,99.6534
1998-12-01,99.37326
1999-01-01,99.30614
1999-02-01,99.39183
1999-03-01,99.56617
1999-04-01,99.71679
1999-05-01,99.88219
1999-06-01,100.2048
1999-07-01,100.6205
1999-08-01,100.9713
1999-09-01,100.7978
1999-10-01,100.4811
1999-11-01,100.2138
1999-12-01,100.0466
2000-01-01,99.98997
2000-02-01,100.0564
2000-03-01,100.1932
2000-04-01,100.4022
2000-05-01,100.5617
2000-06-01,100.6533
2000-07-01,100.6643
2000-08-01,100.7038
2000-09-01,100.7633
2000-10-01,100.8642
2000-11-01,100.6869
2000-12-01,100.6109
2001-01-01,100.4608
2001-02-01,100.2252
2001-03-01,99.87522
2001-04-01,99.7034
2001-05-01,100.0309
2001-06-01,100.5078
2001-07-01,100.9684
2001-08-01,100.871
2001-09-01,100.7462
2001-10-01,100.6964
2001-11-01,100.8321
2001-12-01,101.0519
2002-01-01,101.1143
2002-02-01,101.0405
2002-03-01,100.9477
2002-04-01,100.8537
2002-05-01,100.7072
2002-06-01,100.5652
2002-07-01,100.4901
2002-08-01,100.4842
2002-09-01,100.6275
2002-10-01,100.6891
2002-11-01,100.6688
2002-12-01,100.6311
2003-01-01,100.4775
2003-02-01,100.1701
2003-03-01,99.96869
2003-04-01,100.074
2003-05-01,100.3937
2003-06-01,100.6237
2003-07-01,100.6337
2003-08-01,100.7142
2003-09-01,100.8202
2003-10-01,100.9467
2003-11-01,101.0226
2003-12-01,101.1162
2004-01-01,101.2353
2004-02-01,101.2533
2004-03-01,101.3722
2004-04-01,101.6059
2004-05-01,101.6198
2004-06-01,101.5764
2004-07-01,101.5399
2004-08-01,101.5409
2004-09-01,101.5711
2004-10-01,101.6236
2004-11-01,101.7047
2004-12-01,101.8226
2005-01-01,101.927
2005-02-01,101.9574
2005-03-01,101.8626
2005-04-01,101.6333
2005-05-01,101.4171
2005-06-01,101.3541
2005-07-01,101.4399
2005-08-01,101.6306
2005-09-01,101.7773
2005-10-01,101.9128
2005-11-01,101.9596
2005-12-01,102.0714
2006-01-01,102.2131
2006-02-01,102.1526
2006-03-01,102.0246
2006-04-01,101.8725
2006-05-01,101.7344
2006-06-01,101.6093
2006-07-01,101.5116
2006-08-01,101.5549
2006-09-01,101.6765
2006-10-01,101.8633
2006-11-01,101.9271
2006-12-01,101.8565
2007-01-01,101.7951
2007-02-01,101.7593
2007-03-01,101.741
2007-04-01,101.6812
2007-05-01,101.6547
2007-06-01,101.6802
2007-07-01,101.6439
2007-08-01,101.5845
2007-09-01,101.5223
2007-10-01,101.4566
2007-11-01,101.2201
2007-12-01,100.8561
2008-01-01,100.4606
2008-02-01,100.2768
2008-03-01,100.1985
2008-04-01,100.016
2008-05-01,99.78488
2008-06-01,99.42778
2008-07-01,99.17284
2008-08-01,99.06036
2008-09-01,99.13548
2008-10-01,99.3739
2008-11-01,99.81432
2008-12-01,100.0502
2009-01-01,100.0965
2009-02-01,100.1533
2009-03-01,100.3112
2009-04-01,100.6184
2009-05-01,100.9024
2009-06-01,101.0021
2009-07-01,101.1061
2009-08-01,101.1553
2009-09-01,101.2159
2009-10-01,101.2019
2009-11-01,101.1672
2009-12-01,101.2368
2010-01-01,101.3716
2010-02-01,101.4649
2010-03-01,101.4563
2010-04-01,101.4253
2010-05-01,101.2682
2010-06-01,101.102
2010-07-01,101.1525
2010-08-01,101.152
2010-09-01,101.1611
2010-10-01,101.1744
2010-11-01,101.1737
2010-12-01,101.0528
2011-01-01,100.9083
2011-02-01,100.8079
2011-03-01,100.7895
2011-04-01,100.8377
2011-05-01,100.86
2011-06-01,100.7637
2011-07-01,100.4954
2011-08-01,100.1997
2011-09-01,99.96888
2011-10-01,99.55769
2011-11-01,99.2159
2011-12-01,99.20738
2012-01-01,99.46735
2012-02-01,99.88056
2012-03-01,100.2496
2012-04-01,100.3379
2012-05-01,100.2269
2012-06-01,100.1656
2012-07-01,100.225
2012-08-01,100.2141
2012-09-01,100.1807
2012-10-01,100.1529
2012-11-01,100.2342
2012-12-01,100.1756
2013-01-01,100.144
2013-02-01,100.2214
2013-03-01,100.2494
2013-04-01,100.2709
2013-05-01,100.3769
2013-06-01,100.6441
2013-07-01,100.8418
2013-08-01,101.0363
2013-09-01,101.1856
2013-10-01,101.2561
2013-11-01,101.2186
2013-12-01,101.1848
2014-01-01,101.1343
2014-02-01,101.0309
2014-03-01,100.9977
2014-04-01,101.0471
2014-05-01,101.2802
2014-06-01,101.588
2014-07-01,101.8129
2014-08-01,101.8348
2014-09-01,101.6989
2014-10-01,101.6353
2014-11-01,101.593
2014-12-01,101.6567
2015-01-01,101.7569
2015-02-01,101.9174
2015-03-01,102.1134
2015-04-01,102.1114
2015-05-01,101.9577
2015-06-01,101.7312
2015-07-01,101.5311
2015-08-01,101.3098
2015-09-01,101.093
2015-10-01,101.0359
2015-11-01,101.0791
2015-12-01,101.0267
2016-01-01,100.8354
2016-02-01,100.7493
2016-03-01,100.7241
2016-04-01,100.7619
2016-05-01,100.7292
2016-06-01,100.7126
2016-07-01,100.6583
2016-08-01,100.616
2016-09-01,100.524
2016-10-01,100.4384
2016-11-01,100.3757
2016-12-01,100.4191
2017-01-01,100.7196
2017-02-01,101.0163
2017-03-01,101.1865
2017-04-01,101.2192
2017-05-01,101.1689
2017-06-01,101.2267
2017-07-01,101.3561
2017-08-01,101.3795
2017-09-01,101.4722
2017-10-01,101.5989
2017-11-01,101.6496
2017-12-01,101.6031
2018-01-01,101.58
2018-02-01,101.5368
2018-03-01,101.3922
2018-04-01,101.2578
2018-05-01,101.333
2018-06-01,101.459
2018-07-01,101.4586
2018-08-01,101.3001
2018-09-01,101.2018
2018-10-01,101.0643
2018-11-01,100.9423
2018-12-01,100.7878
2019-01-01,100.6966
2019-02-01,100.7102
2019-03-01,100.8036
2019-04-01,100.8918
2019-05-01,101.0065
2019-06-01,100.938
2019-07-01,100.7847
2019-08-01,100.8135
2019-09-01,100.7841
2019-10-01,100.7701
2019-11-01,100.8361
2019-12-01,100.8858
2020-01-01,100.8031
2020-02-01,100.5065
2020-03-01,99.90693
2020-04-01,99.43283
2020-05-01,99.63392
2020-06-01,100.0787
2020-07-01,100.2736
2020-08-01,100.2346
2020-09-01,100.2093
2020-10-01,100.2185
2020-11-01,100.2676
2020-12-01,100.4828
2021-01-01,100.6474
2021-02-01,100.7952
2021-03-01,100.9841
2021-04-01,101.2306
2021-05-01,101.3841
2021-06-01,101.4603
2021-07-01,101.5092
2021-08-01,101.5798
2021-09-01,101.5885
2021-10-01,101.2279
2021-11-01,100.7256
2021-12-01,100.3747
2022-01-01,99.9991
2022-02-01,99.30431
2022-03-01,98.14948
2022-04-01,97.22138
2022-05-01,96.69984
2022-06-01,96.43909
2022-07-01,96.34412
2022-08-01,96.25796
2022-09-01,95.93226
2022-10-01,95.77722
2022-11-01,96.10861
2022-12-01,96.57671
2023-01-01,97.03815
2023-02-01,97.39893
2023-03-01,97.75459
2023-04-01,98.17469
2023-05-01,98.57525
2023-06-01,98.83805
2023-07-01,98.88723
2023-08-01,98.79983
2023-09-01,98.67365
2023-10-01,98.65243
2023-11-01,98.72012
2023-12-01,98.7843
2024-01-01,98.94048
